;              
CREATE USER IF NOT EXISTS SA SALT '042f26d1d9b1116a' HASH '00787f320870fd860f3734000ee66f4275edbd9ae475d2fc0c9a485b4c541b44' ADMIN;            
CREATE CACHED TABLE PUBLIC.COUNTRYDATA(
    RANK INTEGER NOT NULL,
    CCA3 VARCHAR(3) NOT NULL,
    COUNTRYTERRITORY VARCHAR(32) NOT NULL,
    CAPITAL VARCHAR(19) NOT NULL,
    CONTINENT VARCHAR(13) NOT NULL,
    "2022 Population" NUMERIC(10, 0) NOT NULL,
    "2020 Population" NUMERIC(10, 0) NOT NULL,
    "2015 Population" NUMERIC(10, 0) NOT NULL,
    "2010 Population" NUMERIC(10, 0) NOT NULL,
    "2000 Population" NUMERIC(10, 0) NOT NULL,
    "1990 Population" NUMERIC(10, 0) NOT NULL,
    "1980 Population" NUMERIC(9, 0) NOT NULL,
    "1970 Population" NUMERIC(9, 0) NOT NULL,
    "Area km²" NUMERIC(8, 0) NOT NULL,
    "Density per km²" NUMERIC(10, 4) NOT NULL,
    "Growth Rate" NUMERIC(6, 4) NOT NULL,
    "World Population Percentage" NUMERIC(5, 2) NOT NULL
);          
ALTER TABLE PUBLIC.COUNTRYDATA ADD CONSTRAINT PUBLIC.CONSTRAINT_2 PRIMARY KEY(RANK);           
-- 234 +/- SELECT COUNT(*) FROM PUBLIC.COUNTRYDATA;            
INSERT INTO PUBLIC.COUNTRYDATA(RANK, CCA3, COUNTRYTERRITORY, CAPITAL, CONTINENT, "2022 Population", "2020 Population", "2015 Population", "2010 Population", "2000 Population", "1990 Population", "1980 Population", "1970 Population", "Area km²", "Density per km²", "Growth Rate", "World Population Percentage") VALUES
(1, 'CHN', 'China', 'Beijing', 'Asia', 1425887337, 1424929781, 1393715448, 1348191368, 1264099069, 1153704252, 982372466, 822534450, 9706961, 146.8933, 1.0000, 17.88),
(2, 'IND', 'India', 'New Delhi', 'Asia', 1417173173, 1396387127, 1322866505, 1240613620, 1059633675, 870452165, 696828385, 557501301, 3287590, 431.0675, 1.0068, 17.77),
(3, 'USA', 'United States', 'Washington, D.C.', 'NorthAmerica', 338289857, 335942003, 324607776, 311182845, 282398554, 248083732, 223140018, 200328340, 9372610, 36.0935, 1.0038, 4.24),
(4, 'IDN', 'Indonesia', 'Jakarta', 'Asia', 275501339, 271857970, 259091970, 244016173, 214072421, 182159874, 148177096, 115228394, 1904569, 144.6529, 1.0064, 3.45),
(5, 'PAK', 'Pakistan', 'Islamabad', 'Asia', 235824862, 227196741, 210969298, 194454498, 154369924, 115414069, 80624057, 59290872, 881912, 267.4018, 1.0191, 2.96),
(6, 'NGA', 'Nigeria', 'Abuja', 'Africa', 218541212, 208327405, 183995785, 160952853, 122851984, 95214257, 72951439, 55569264, 923768, 236.5759, 1.0241, 2.74),
(7, 'BRA', 'Brazil', 'Brasilia', 'SouthAmerica', 215313498, 213196304, 205188205, 196353492, 175873720, 150706446, 122288383, 96369875, 8515767, 25.2841, 1.0046, 2.70),
(8, 'BGD', 'Bangladesh', 'Dhaka', 'Asia', 171186372, 167420951, 157830000, 148391139, 129193327, 107147651, 83929765, 67541860, 147570, 1160.0350, 1.0108, 2.15),
(9, 'RUS', 'Russia', 'Moscow', 'Europe', 144713314, 145617329, 144668389, 143242599, 146844839, 148005704, 138257420, 130093010, 17098242, 8.4636, 0.9973, 1.81),
(10, 'MEX', 'Mexico', 'Mexico City', 'NorthAmerica', 127504125, 125998302, 120149897, 112532401, 97873442, 81720428, 67705186, 50289306, 1964375, 64.9082, 1.0063, 1.60),
(11, 'JPN', 'Japan', 'Tokyo', 'Asia', 123951692, 125244761, 127250933, 128105431, 126803861, 123686321, 117624196, 105416839, 377930, 327.9753, 0.9947, 1.55),
(12, 'ETH', 'Ethiopia', 'Addis Ababa', 'Africa', 123379924, 117190911, 102471895, 89237791, 67031867, 47878073, 34945469, 28308246, 1104300, 111.7268, 1.0257, 1.55),
(13, 'PHL', 'Philippines', 'Manila', 'Asia', 115559009, 112190977, 103031365, 94636700, 77958223, 61558898, 48419546, 37435586, 342353, 337.5434, 1.0147, 1.45),
(14, 'EGY', 'Egypt', 'Cairo', 'Africa', 110990103, 107465134, 97723799, 87252413, 71371371, 57214630, 43748556, 34781986, 1002450, 110.7188, 1.0158, 1.39),
(15, 'COD', 'DR Congo', 'Kinshasa', 'Africa', 99010212, 92853164, 78656904, 66391257, 48616317, 35987541, 26708686, 20151733, 2344858, 42.2244, 1.0325, 1.24),
(16, 'VNM', 'Vietnam', 'Hanoi', 'Asia', 98186856, 96648685, 92191398, 87411012, 79001142, 66912613, 52968270, 41928849, 331212, 296.4472, 1.0074, 1.23),
(17, 'IRN', 'Iran', 'Tehran', 'Asia', 88550570, 87290193, 81790841, 75373855, 65544383, 55793629, 38520664, 28449705, 1648195, 53.7258, 1.0071, 1.11),
(18, 'TUR', 'Turkey', 'Ankara', 'Asia', 85341241, 84135428, 79646178, 73195345, 64113547, 54324142, 44089069, 35540990, 783562, 108.9145, 1.0067, 1.07),
(19, 'DEU', 'Germany', 'Berlin', 'Europe', 83369843, 83328988, 82073226, 81325090, 81551677, 79370196, 77786703, 78294583, 357114, 233.4544, 0.9995, 1.05),
(20, 'THA', 'Thailand', 'Bangkok', 'Asia', 71697030, 71475664, 70294397, 68270489, 63066603, 55228410, 45737753, 35791728, 513120, 139.7276, 1.0013, 0.90),
(21, 'GBR', 'United Kingdom', 'London', 'Europe', 67508936, 67059474, 65224364, 62760039, 58850043, 57210442, 56326328, 55650166, 242900, 277.9289, 1.0034, 0.85),
(22, 'TZA', 'Tanzania', 'Dodoma', 'Africa', 65497748, 61704518, 52542823, 45110527, 34463704, 26206012, 19297659, 13618192, 945087, 69.3034, 1.0300, 0.82),
(23, 'FRA', 'France', 'Paris', 'Europe', 64626628, 64480053, 63809769, 62444567, 58665453, 56412897, 53713830, 50523586, 551695, 117.1419, 1.0015, 0.81),
(24, 'ZAF', 'South Africa', 'Pretoria', 'Africa', 59893885, 58801927, 55876504, 51784921, 46813266, 39877570, 29463549, 22368306, 1221037, 49.0517, 1.0084, 0.75);           
INSERT INTO PUBLIC.COUNTRYDATA(RANK, CCA3, COUNTRYTERRITORY, CAPITAL, CONTINENT, "2022 Population", "2020 Population", "2015 Population", "2010 Population", "2000 Population", "1990 Population", "1980 Population", "1970 Population", "Area km²", "Density per km²", "Growth Rate", "World Population Percentage") VALUES
(25, 'ITA', 'Italy', 'Rome', 'Europe', 59037474, 59500579, 60232906, 59822450, 56966397, 56756561, 56329482, 53324036, 301336, 195.9191, 0.9966, 0.74),
(26, 'MMR', 'Myanmar', 'Nay Pyi Taw', 'Asia', 54179306, 53423198, 51483949, 49390988, 45538332, 40099553, 33465781, 27284112, 676578, 80.0784, 1.0071, 0.68),
(27, 'KEN', 'Kenya', 'Nairobi', 'Africa', 54027487, 51985780, 46851488, 41517895, 30851606, 23162269, 16187124, 11473087, 580367, 93.0919, 1.0193, 0.68),
(28, 'COL', 'Colombia', 'Bogota', 'SouthAmerica', 51874024, 50930662, 47119728, 44816108, 39215135, 32601393, 26176195, 20905254, 1141748, 45.4339, 1.0069, 0.65),
(29, 'KOR', 'South Korea', 'Seoul', 'Asia', 51815810, 51844690, 50994401, 48813042, 46788591, 44120039, 38170501, 32601143, 100210, 517.0722, 0.9997, 0.65),
(30, 'ESP', 'Spain', 'Madrid', 'Europe', 47558630, 47363807, 46431342, 46572772, 40741651, 38889889, 37491666, 33792617, 505992, 93.9909, 1.0015, 0.60),
(31, 'UGA', 'Uganda', 'Kampala', 'Africa', 47249585, 44404611, 37477356, 32341728, 24020697, 17586630, 13284026, 10317212, 241550, 195.6100, 1.0304, 0.59),
(32, 'SDN', 'Sudan', 'Khartoum', 'Africa', 46874204, 44440486, 38171178, 33739933, 26298773, 21090886, 16673586, 11305206, 1886068, 24.8529, 1.0267, 0.59),
(33, 'ARG', 'Argentina', 'Buenos Aires', 'SouthAmerica', 45510318, 45036032, 43257065, 41100123, 37070774, 32637657, 28024803, 23842803, 2780400, 16.3683, 1.0052, 0.57),
(34, 'DZA', 'Algeria', 'Algiers', 'Africa', 44903225, 43451666, 39543154, 35856344, 30774621, 25518074, 18739378, 13795915, 2381741, 18.8531, 1.0164, 0.56),
(35, 'IRQ', 'Iraq', 'Baghdad', 'Asia', 44496122, 42556984, 37757813, 31264875, 24628858, 17658381, 13653369, 9811347, 438317, 101.5158, 1.0221, 0.56),
(36, 'AFG', 'Afghanistan', 'Kabul', 'Asia', 41128771, 38972230, 33753499, 28189672, 19542982, 10694796, 12486631, 10752971, 652230, 63.0587, 1.0257, 0.52),
(37, 'POL', 'Poland', 'Warsaw', 'Europe', 39857145, 38428366, 38553146, 38597353, 38504431, 38064255, 35521429, 32482943, 312679, 127.4698, 1.0404, 0.50),
(38, 'UKR', 'Ukraine', 'Kiev', 'Europe', 39701739, 43909666, 44982564, 45683020, 48879755, 51589817, 49973920, 47279086, 603500, 65.7858, 0.9120, 0.50),
(39, 'CAN', 'Canada', 'Ottawa', 'NorthAmerica', 38454327, 37888705, 35732126, 33963412, 30683313, 27657204, 24511510, 21434577, 9984670, 3.8513, 1.0078, 0.48),
(40, 'MAR', 'Morocco', 'Rabat', 'Africa', 37457971, 36688772, 34680458, 32464865, 28554415, 24570814, 19678444, 15274351, 446550, 83.8830, 1.0103, 0.47),
(41, 'SAU', 'Saudi Arabia', 'Riyadh', 'Asia', 36408820, 35997107, 32749848, 29411929, 21547390, 16004763, 10171710, 6106191, 2149690, 16.9368, 1.0128, 0.46),
(42, 'AGO', 'Angola', 'Luanda', 'Africa', 35588987, 33428485, 28127721, 23364185, 16394062, 11828638, 8330047, 6029700, 1246700, 28.5466, 1.0315, 0.45),
(43, 'UZB', 'Uzbekistan', 'Tashkent', 'Asia', 34627652, 33526656, 30949417, 28614227, 24925554, 20579100, 15947129, 12011361, 447400, 77.3975, 1.0160, 0.43),
(44, 'PER', 'Peru', 'Lima', 'SouthAmerica', 34049588, 33304756, 30711863, 29229572, 26654439, 22109099, 17492406, 13562371, 1285216, 26.4933, 1.0099, 0.43),
(45, 'MYS', 'Malaysia', 'Kuala Lumpur', 'Asia', 33938221, 33199993, 31068833, 28717731, 22945150, 17517054, 13215707, 10306508, 330803, 102.5934, 1.0109, 0.43),
(46, 'YEM', 'Yemen', 'Sanaa', 'Asia', 33696614, 32284046, 28516545, 24743946, 18628700, 13375121, 9204938, 6843607, 527968, 63.8232, 1.0217, 0.42),
(47, 'GHA', 'Ghana', 'Accra', 'Africa', 33475870, 32180401, 28870939, 25574719, 19665502, 15446982, 11865246, 8861895, 238533, 140.3406, 1.0196, 0.42),
(48, 'MOZ', 'Mozambique', 'Maputo', 'Africa', 32969517, 31178239, 26843246, 23073723, 17768505, 13303459, 11413587, 8411676, 801590, 41.1302, 1.0278, 0.41),
(49, 'NPL', 'Nepal', 'Kathmandu', 'Asia', 30547580, 29348627, 27610325, 27161567, 24559500, 19616530, 15600442, 12501285, 147181, 207.5511, 1.0171, 0.38); 
INSERT INTO PUBLIC.COUNTRYDATA(RANK, CCA3, COUNTRYTERRITORY, CAPITAL, CONTINENT, "2022 Population", "2020 Population", "2015 Population", "2010 Population", "2000 Population", "1990 Population", "1980 Population", "1970 Population", "Area km²", "Density per km²", "Growth Rate", "World Population Percentage") VALUES
(50, 'MDG', 'Madagascar', 'Antananarivo', 'Africa', 29611714, 28225177, 24850912, 21731053, 16216431, 11882762, 8948162, 6639751, 587041, 50.4423, 1.0241, 0.37),
(51, 'VEN', 'Venezuela', 'Caracas', 'SouthAmerica', 28301696, 28490453, 30529716, 28715022, 24427729, 19750579, 15210443, 11355475, 916445, 30.8820, 1.0036, 0.35),
(52, 'CIV', 'Ivory Coast', 'Yamoussoukro', 'Africa', 28160542, 26811790, 23596741, 21120042, 16799670, 11910540, 8303809, 5477086, 322463, 87.3295, 1.0248, 0.35),
(53, 'CMR', 'Cameroon', 'Yaounde', 'Africa', 27914536, 26491087, 23012646, 19878036, 15091594, 11430520, 8519891, 6452787, 475442, 58.7128, 1.0263, 0.35),
(54, 'NER', 'Niger', 'Niamey', 'Africa', 26207977, 24333639, 20128124, 16647543, 11622665, 8370647, 6173177, 4669708, 1267000, 20.6851, 1.0378, 0.33),
(55, 'AUS', 'Australia', 'Canberra', 'Oceania', 26177413, 25670051, 23820236, 22019168, 19017963, 17048003, 14706322, 12595034, 7692024, 3.4032, 1.0099, 0.33),
(56, 'PRK', 'North Korea', 'Pyongyang', 'Asia', 26069416, 25867467, 25258015, 24686435, 23367059, 20799523, 17973650, 14996879, 120538, 216.2755, 1.0038, 0.33),
(57, 'TWN', 'Taiwan', 'Taipei', 'Asia', 23893394, 23821464, 23512136, 23083083, 22194731, 20586174, 18100281, 14957870, 36193, 660.1662, 1.0014, 0.30),
(58, 'BFA', 'Burkina Faso', 'Ouagadougou', 'Africa', 22673762, 21522626, 18718019, 16116845, 11882888, 9131361, 6932967, 5611666, 272967, 83.0641, 1.0259, 0.28),
(59, 'MLI', 'Mali', 'Bamako', 'Africa', 22593590, 21224040, 18112907, 15529181, 11239101, 8945026, 7372581, 6153587, 1240192, 18.2178, 1.0314, 0.28),
(60, 'SYR', 'Syria', 'Damascus', 'Asia', 22125249, 20772595, 19205178, 22337563, 16307654, 12408996, 8898954, 6319199, 185180, 119.4797, 1.0376, 0.28),
(61, 'LKA', 'Sri Lanka', 'Colombo', 'Asia', 21832143, 21715079, 21336697, 20668557, 18776371, 17204094, 14943645, 12388769, 65610, 332.7563, 1.0027, 0.27),
(62, 'MWI', 'Malawi', 'Lilongwe', 'Africa', 20405317, 19377061, 16938942, 14718422, 11229387, 9539665, 6267369, 4625141, 118484, 172.2200, 1.0259, 0.26),
(63, 'ZMB', 'Zambia', 'Lusaka', 'Africa', 20017675, 18927715, 16248230, 13792086, 9891136, 7686401, 5720438, 4281671, 752612, 26.5976, 1.0280, 0.25),
(64, 'ROU', 'Romania', 'Bucharest', 'Europe', 19659267, 19442038, 19906079, 20335211, 21919876, 22836234, 22125224, 19922618, 238391, 82.4665, 1.0171, 0.25),
(65, 'CHL', 'Chile', 'Santiago', 'SouthAmerica', 19603733, 19300315, 17870124, 17004162, 15351799, 13342868, 11469828, 9820481, 756102, 25.9274, 1.0057, 0.25),
(66, 'KAZ', 'Kazakhstan', 'Nursultan', 'Asia', 19397998, 18979243, 17835909, 16627837, 15236253, 16866563, 14172710, 12265305, 2724900, 7.1188, 1.0105, 0.24),
(67, 'ECU', 'Ecuador', 'Quito', 'SouthAmerica', 18001000, 17588595, 16195902, 14989585, 12626507, 10449837, 8135845, 6172215, 276841, 65.0229, 1.0114, 0.23),
(68, 'GTM', 'Guatemala', 'Guatemala City', 'NorthAmerica', 17843908, 17362718, 16001107, 14543121, 11735894, 9084780, 6987767, 5453208, 108889, 163.8725, 1.0134, 0.22),
(69, 'TCD', 'Chad', 'N''Djamena', 'Africa', 17723315, 16644701, 14140274, 11894727, 8259137, 5827069, 4408230, 3667394, 1284000, 13.8032, 1.0316, 0.22),
(70, 'SOM', 'Somalia', 'Mogadishu', 'Africa', 17597511, 16537016, 13763906, 12026649, 8721465, 6999096, 5892224, 3720977, 637657, 27.5971, 1.0312, 0.22),
(71, 'NLD', 'Netherlands', 'Amsterdam', 'Europe', 17564014, 17434557, 17041107, 16617116, 15899135, 14944548, 14130387, 13037686, 41850, 419.6897, 1.0036, 0.22),
(72, 'SEN', 'Senegal', 'Dakar', 'Africa', 17316449, 16436119, 14356181, 12530121, 9704287, 7536001, 5703869, 4367744, 196722, 88.0250, 1.0261, 0.22),
(73, 'KHM', 'Cambodia', 'Phnom Penh', 'Asia', 16767842, 16396860, 15417523, 14363532, 12118841, 8910808, 6198959, 6708525, 181035, 92.6221, 1.0108, 0.21),
(74, 'ZWE', 'Zimbabwe', 'Harare', 'Africa', 16320537, 15669666, 14154937, 12839771, 11834676, 10113893, 7049926, 5202918, 390757, 41.7665, 1.0204, 0.20);             
INSERT INTO PUBLIC.COUNTRYDATA(RANK, CCA3, COUNTRYTERRITORY, CAPITAL, CONTINENT, "2022 Population", "2020 Population", "2015 Population", "2010 Population", "2000 Population", "1990 Population", "1980 Population", "1970 Population", "Area km²", "Density per km²", "Growth Rate", "World Population Percentage") VALUES
(75, 'GIN', 'Guinea', 'Conakry', 'Africa', 13859341, 13205153, 11625998, 10270728, 8336967, 6354145, 4972609, 4222374, 245857, 56.3716, 1.0242, 0.17),
(76, 'RWA', 'Rwanda', 'Kigali', 'Africa', 13776698, 13146362, 11642959, 10309031, 8109989, 7319962, 5247532, 3896367, 26338, 523.0731, 1.0234, 0.17),
(77, 'BEN', 'Benin', 'Porto-Novo', 'Africa', 13352864, 12643123, 10932783, 9445710, 6998023, 5133419, 3833939, 3023443, 112622, 118.5635, 1.0274, 0.17),
(78, 'BDI', 'Burundi', 'Bujumbura', 'Africa', 12889576, 12220227, 10727148, 9126605, 6307659, 5483793, 4312834, 3497834, 27834, 463.0874, 1.0270, 0.16),
(79, 'TUN', 'Tunisia', 'Tunis', 'Africa', 12356117, 12161723, 11557779, 10895063, 9893316, 8440023, 6578156, 5047404, 163610, 75.5218, 1.0076, 0.15),
(80, 'BOL', 'Bolivia', 'Sucre', 'SouthAmerica', 12224110, 11936162, 11090085, 10223270, 8592656, 7096194, 5736088, 4585693, 1098581, 11.1272, 1.0120, 0.15),
(81, 'BEL', 'Belgium', 'Brussels', 'Europe', 11655930, 11561717, 11248303, 10877947, 10264343, 9959560, 9828986, 9629376, 30528, 381.8111, 1.0038, 0.15),
(82, 'HTI', 'Haiti', 'Port-au-Prince', 'NorthAmerica', 11584996, 11306801, 10563757, 9842880, 8360225, 6925331, 5646676, 4680812, 27750, 417.4773, 1.0120, 0.15),
(83, 'JOR', 'Jordan', 'Amman', 'Asia', 11285869, 10928721, 9494246, 6931258, 5056174, 3480587, 2216903, 1557374, 89342, 126.3221, 1.0123, 0.14),
(84, 'DOM', 'Dominican Republic', 'Santo Domingo', 'NorthAmerica', 11228821, 10999664, 10405832, 9775755, 8540791, 7129004, 5755800, 4475871, 48671, 230.7087, 1.0100, 0.14),
(85, 'CUB', 'Cuba', 'Havana', 'NorthAmerica', 11212191, 11300698, 11339894, 11290417, 11105791, 10626680, 9809107, 8869636, 109884, 102.0366, 0.9961, 0.14),
(86, 'SSD', 'South Sudan', 'Juba', 'Africa', 10913164, 10606227, 11194299, 9714419, 6114440, 4750817, 4192011, 3342410, 619745, 17.6091, 1.0153, 0.14),
(87, 'SWE', 'Sweden', 'Stockholm', 'Europe', 10549347, 10368969, 9849349, 9381729, 8871043, 8548406, 8311763, 8027702, 450295, 23.4276, 1.0079, 0.13),
(88, 'CZE', 'Czech Republic', 'Prague', 'Europe', 10493986, 10530953, 10523798, 10464749, 10234710, 10301192, 10270060, 9795744, 78865, 133.0627, 0.9984, 0.13),
(89, 'HND', 'Honduras', 'Tegucigalpa', 'NorthAmerica', 10432860, 10121763, 9294505, 8450933, 6656725, 5053234, 3777990, 2782753, 112492, 92.7431, 1.0150, 0.13),
(90, 'GRC', 'Greece', 'Athens', 'Europe', 10384971, 10512232, 10806641, 11033783, 11038109, 10302255, 9307148, 8544873, 131990, 78.6800, 0.9942, 0.13),
(91, 'AZE', 'Azerbaijan', 'Baku', 'Asia', 10358074, 10284951, 9863480, 9237202, 8190337, 7427836, 6383060, 5425317, 86600, 119.6082, 1.0044, 0.13),
(92, 'PRT', 'Portugal', 'Lisbon', 'Europe', 10270865, 10298192, 10365435, 10588401, 10300626, 10007346, 9785252, 8683631, 92090, 111.5307, 0.9981, 0.13),
(93, 'PNG', 'Papua New Guinea', 'Port Moresby', 'Oceania', 10142619, 9749640, 8682174, 7583269, 5508297, 3864972, 3104788, 2489059, 462840, 21.9139, 1.0194, 0.13),
(94, 'HUN', 'Hungary', 'Budapest', 'Europe', 9967308, 9750573, 9844246, 9986825, 10202055, 10375989, 10698679, 10315366, 93028, 107.1431, 1.0265, 0.12),
(95, 'TJK', 'Tajikistan', 'Dushanbe', 'Asia', 9952787, 9543207, 8524063, 7621779, 6272998, 5417860, 4045965, 2993019, 143100, 69.5513, 1.0208, 0.12),
(96, 'BLR', 'Belarus', 'Minsk', 'Europe', 9534954, 9633740, 9700609, 9731427, 10256483, 10428525, 9817257, 9170786, 207600, 45.9295, 0.9955, 0.12),
(97, 'ARE', 'United Arab Emirates', 'Abu Dhabi', 'Asia', 9441129, 9287289, 8916899, 8481771, 3275333, 1900151, 1014048, 298084, 83600, 112.9322, 1.0081, 0.12),
(98, 'ISR', 'Israel', 'Jerusalem', 'Asia', 9038309, 8757489, 8007778, 7328445, 6116958, 4803254, 3744608, 2907307, 20770, 435.1617, 1.0155, 0.11),
(99, 'AUT', 'Austria', 'Vienna', 'Europe', 8939617, 8907777, 8642421, 8362829, 8010428, 7678729, 7547561, 7465301, 83871, 106.5877, 1.0020, 0.11);   
INSERT INTO PUBLIC.COUNTRYDATA(RANK, CCA3, COUNTRYTERRITORY, CAPITAL, CONTINENT, "2022 Population", "2020 Population", "2015 Population", "2010 Population", "2000 Population", "1990 Population", "1980 Population", "1970 Population", "Area km²", "Density per km²", "Growth Rate", "World Population Percentage") VALUES
(100, 'TGO', 'Togo', STRINGDECODE('Lom\u00e9'), 'Africa', 8848699, 8442580, 7473229, 6571855, 5008035, 3875947, 2838110, 2197383, 56785, 155.8281, 1.0236, 0.11),
(101, 'CHE', 'Switzerland', 'Bern', 'Europe', 8740472, 8638613, 8281732, 7822435, 7182059, 6711693, 6319113, 6181227, 41284, 211.7157, 1.0056, 0.11),
(102, 'SLE', 'Sierra Leone', 'Freetown', 'Africa', 8605718, 8233969, 7314773, 6436698, 4584067, 4325388, 3367477, 2778557, 71740, 119.9570, 1.0220, 0.11),
(103, 'LAO', 'Laos', 'Vientiane', 'Asia', 7529475, 7319399, 6787419, 6323418, 5430853, 4314443, 3297519, 2675283, 236800, 31.7968, 1.0141, 0.09),
(104, 'HKG', 'Hong Kong', 'Hong Kong', 'Asia', 7488865, 7500958, 7399838, 7132438, 6731195, 5838574, 4978544, 3955072, 1104, 6783.3922, 0.9992, 0.09),
(105, 'SRB', 'Serbia', 'Belgrade', 'Europe', 7221365, 7358005, 7519496, 7653748, 7935022, 7987529, 7777010, 7193533, 88361, 81.7257, 0.9897, 0.09),
(106, 'NIC', 'Nicaragua', 'Managua', 'NorthAmerica', 6948392, 6755895, 6298598, 5855734, 5123222, 4227820, 3303309, 2444767, 130373, 53.2962, 1.0143, 0.09),
(107, 'LBY', 'Libya', 'Tripoli', 'Africa', 6812341, 6653942, 6192235, 6491988, 5154790, 4236983, 2962720, 1909177, 1759540, 3.8717, 1.0114, 0.09),
(108, 'BGR', 'Bulgaria', 'Sofia', 'Europe', 6781953, 6979175, 7309253, 7592273, 8097691, 8767778, 8980606, 8582950, 110879, 61.1654, 0.9849, 0.09),
(109, 'PRY', 'Paraguay', STRINGDECODE('Asunci\u00f3n'), 'SouthAmerica', 6780744, 6618695, 6177950, 5768613, 5123819, 4059195, 3078912, 2408787, 406752, 16.6705, 1.0115, 0.09),
(110, 'KGZ', 'Kyrgyzstan', 'Bishkek', 'Asia', 6630623, 6424874, 5914980, 5483774, 4935182, 4394734, 3691209, 3016384, 199951, 33.1612, 1.0158, 0.08),
(111, 'TKM', 'Turkmenistan', 'Ashgabat', 'Asia', 6430770, 6250438, 5766431, 5267970, 4569132, 3720278, 2862903, 2201432, 488100, 13.1751, 1.0140, 0.08),
(112, 'SLV', 'El Salvador', 'San Salvador', 'NorthAmerica', 6336392, 6292731, 6231066, 6114034, 5958482, 5367179, 4508992, 3619090, 21041, 301.1450, 1.0035, 0.08),
(113, 'SGP', 'Singapore', 'Singapore', 'Asia', 5975689, 5909869, 5650018, 5163590, 4053602, 3022209, 2400729, 2061831, 710, 8416.4634, 1.0058, 0.07),
(114, 'COG', 'Republic of the Congo', 'Brazzaville', 'Africa', 5970424, 5702174, 5064386, 4437884, 3134030, 2385435, 1829256, 1396989, 342000, 17.4574, 1.0231, 0.07),
(115, 'DNK', 'Denmark', 'Copenhagen', 'Europe', 5882261, 5825641, 5677796, 5550849, 5340655, 5144623, 5125392, 4922963, 43094, 136.4984, 1.0048, 0.07),
(116, 'SVK', 'Slovakia', 'Bratislava', 'Europe', 5643453, 5456681, 5424444, 5396424, 5376690, 5261305, 4973883, 4522867, 49037, 115.0856, 1.0359, 0.07),
(117, 'CAF', 'Central African Republic', 'Bangui', 'Africa', 5579144, 5343020, 4819333, 4660067, 3759170, 2809221, 2415276, 2067356, 622984, 8.9555, 1.0224, 0.07),
(118, 'FIN', 'Finland', 'Helsinki', 'Europe', 5540745, 5529468, 5479461, 5363271, 5176209, 4986545, 4779418, 4606621, 338424, 16.3722, 1.0009, 0.07),
(119, 'LBN', 'Lebanon', 'Beirut', 'Asia', 5489739, 5662923, 6398940, 4995800, 4320642, 3593700, 2963702, 2381791, 10452, 525.2334, 0.9816, 0.07),
(120, 'NOR', 'Norway', 'Oslo', 'Europe', 5434319, 5379839, 5190356, 4889741, 4491202, 4241636, 4085776, 3875546, 323802, 16.7828, 1.0058, 0.07),
(121, 'LBR', 'Liberia', 'Monrovia', 'Africa', 5302681, 5087584, 4612329, 4019956, 2895224, 2209731, 1932169, 1463563, 111369, 47.6136, 1.0210, 0.07),
(122, 'PSE', 'Palestine', 'Ramallah', 'Asia', 5250072, 5019401, 4484614, 3992278, 3139954, 2124609, 1453620, 1118241, 6220, 844.0630, 1.0227, 0.07),
(123, 'NZL', 'New Zealand', 'Wellington', 'Oceania', 5185288, 5061133, 4590590, 4346338, 3855266, 3397389, 3147168, 2824061, 270467, 19.1716, 1.0108, 0.07),
(124, 'CRI', 'Costa Rica', STRINGDECODE('San Jos\u00e9'), 'NorthAmerica', 5180829, 5123105, 4895242, 4622252, 3979193, 3158253, 2414303, 1855697, 51100, 101.3861, 1.0052, 0.06);     
INSERT INTO PUBLIC.COUNTRYDATA(RANK, CCA3, COUNTRYTERRITORY, CAPITAL, CONTINENT, "2022 Population", "2020 Population", "2015 Population", "2010 Population", "2000 Population", "1990 Population", "1980 Population", "1970 Population", "Area km²", "Density per km²", "Growth Rate", "World Population Percentage") VALUES
(125, 'IRL', 'Ireland', 'Dublin', 'Europe', 5023109, 4946119, 4665760, 4524585, 3768950, 3485374, 3391387, 2937637, 70273, 71.4799, 1.0073, 0.06),
(126, 'MRT', 'Mauritania', 'Nouakchott', 'Africa', 4736139, 4498604, 3946220, 3419461, 2695003, 2006027, 1506694, 1122198, 1030700, 4.5951, 1.0263, 0.06),
(127, 'OMN', 'Oman', 'Muscat', 'Asia', 4576298, 4543399, 4191776, 2881914, 2344253, 1804524, 1017462, 670693, 309500, 14.7861, 1.0123, 0.06),
(128, 'PAN', 'Panama', 'Panama City', 'NorthAmerica', 4408581, 4294396, 3957099, 3623617, 3001731, 2449968, 1956987, 1516188, 75417, 58.4561, 1.0132, 0.06),
(129, 'KWT', 'Kuwait', 'Kuwait City', 'Asia', 4268873, 4360444, 3908743, 2943356, 1934901, 1674938, 1493870, 802786, 17818, 239.5821, 1.0044, 0.05),
(130, 'HRV', 'Croatia', 'Zagreb', 'Europe', 4030358, 4096868, 4254815, 4368682, 4548434, 4873707, 4680144, 4492638, 56594, 71.2153, 0.9927, 0.05),
(131, 'GEO', 'Georgia', 'Tbilisi', 'Asia', 3744385, 3765912, 3771132, 3836831, 4265172, 5391636, 5145843, 4800426, 69700, 53.7214, 0.9964, 0.05),
(132, 'ERI', 'Eritrea', 'Asmara', 'Africa', 3684032, 3555868, 3340006, 3147727, 2392880, 2149960, 1657982, 1272748, 117600, 31.3268, 1.0176, 0.05),
(133, 'URY', 'Uruguay', 'Montevideo', 'SouthAmerica', 3422794, 3429086, 3402818, 3352651, 3292224, 3117012, 2953750, 2790265, 181034, 18.9069, 0.9990, 0.04),
(134, 'MNG', 'Mongolia', 'Ulaanbaatar', 'Asia', 3398366, 3294335, 2964749, 2702520, 2450979, 2161433, 1697780, 1293880, 1564110, 2.1727, 1.0151, 0.04),
(135, 'MDA', 'Moldova', 'Chisinau', 'Europe', 3272996, 3084847, 3277388, 3678186, 4251573, 4480199, 4103240, 3711140, 33846, 96.7026, 1.0691, 0.04),
(136, 'PRI', 'Puerto Rico', 'San Juan', 'NorthAmerica', 3252407, 3271564, 3497335, 3717922, 3827108, 3543776, 3214568, 2737619, 8870, 366.6750, 0.9989, 0.04),
(137, 'BIH', 'Bosnia and Herzegovina', 'Sarajevo', 'Europe', 3233526, 3318407, 3524324, 3811088, 4179350, 4494310, 4199820, 3815561, 51209, 63.1437, 0.9886, 0.04),
(138, 'ALB', 'Albania', 'Tirana', 'Europe', 2842321, 2866849, 2882481, 2913399, 3182021, 3295066, 2941651, 2324731, 28748, 98.8702, 0.9957, 0.04),
(139, 'JAM', 'Jamaica', 'Kingston', 'NorthAmerica', 2827377, 2820436, 2794445, 2733896, 2612205, 2392030, 2135546, 1859091, 10991, 257.2447, 0.9999, 0.04),
(140, 'ARM', 'Armenia', 'Yerevan', 'Asia', 2780469, 2805608, 2878595, 2946293, 3168523, 3556539, 3135123, 2534377, 29743, 93.4831, 0.9962, 0.03),
(141, 'LTU', 'Lithuania', 'Vilnius', 'Europe', 2750055, 2820267, 2963765, 3139019, 3599637, 3785847, 3521206, 3210147, 65300, 42.1142, 0.9869, 0.03),
(142, 'GMB', 'Gambia', 'Banjul', 'Africa', 2705992, 2573995, 2253133, 1937275, 1437539, 1040616, 718586, 528731, 10689, 253.1567, 1.0250, 0.03),
(143, 'QAT', 'Qatar', 'Doha', 'Asia', 2695122, 2760385, 2414573, 1713504, 645937, 441675, 277450, 118007, 11586, 232.6189, 1.0026, 0.03),
(144, 'BWA', 'Botswana', 'Gaborone', 'Africa', 2630296, 2546402, 2305171, 2091664, 1726985, 1341474, 938578, 592244, 582000, 4.5194, 1.0162, 0.03),
(145, 'NAM', 'Namibia', 'Windhoek', 'Africa', 2567012, 2489098, 2282704, 2099271, 1819141, 1369011, 975994, 754467, 825615, 3.1092, 1.0146, 0.03),
(146, 'GAB', 'Gabon', 'Libreville', 'Africa', 2388992, 2292573, 2028517, 1711105, 1272935, 983028, 749078, 597192, 267668, 8.9252, 1.0204, 0.03),
(147, 'LSO', 'Lesotho', 'Maseru', 'Africa', 2305825, 2254100, 2118521, 2022747, 1998630, 1798997, 1407672, 1023481, 30355, 75.9620, 1.0107, 0.03),
(148, 'SVN', 'Slovenia', 'Ljubljana', 'Europe', 2119844, 2117641, 2080862, 2057286, 1984339, 1986024, 1901570, 1741286, 20273, 104.5649, 1.0002, 0.03),
(149, 'GNB', 'Guinea-Bissau', 'Bissau', 'Africa', 2105566, 2015828, 1788919, 1567220, 1230849, 973551, 831462, 591663, 36125, 58.2856, 1.0218, 0.03),
(150, 'MKD', 'North Macedonia', 'Skopje', 'Europe', 2093599, 2111072, 2107962, 2093828, 2037936, 2044174, 1907023, 1656783, 25713, 81.4218, 0.9954, 0.03);     
INSERT INTO PUBLIC.COUNTRYDATA(RANK, CCA3, COUNTRYTERRITORY, CAPITAL, CONTINENT, "2022 Population", "2020 Population", "2015 Population", "2010 Population", "2000 Population", "1990 Population", "1980 Population", "1970 Population", "Area km²", "Density per km²", "Growth Rate", "World Population Percentage") VALUES
(151, 'LVA', 'Latvia', 'Riga', 'Europe', 1850651, 1897052, 1991955, 2101530, 2392530, 2689391, 2572037, 2397414, 64559, 28.6660, 0.9876, 0.02),
(152, 'GNQ', 'Equatorial Guinea', 'Malabo', 'Africa', 1674908, 1596049, 1346973, 1094524, 684977, 465549, 282509, 316955, 28051, 59.7094, 1.0247, 0.02),
(153, 'TTO', 'Trinidad and Tobago', 'Port-of-Spain', 'NorthAmerica', 1531044, 1518147, 1460177, 1410296, 1332203, 1266518, 1127852, 988890, 5130, 298.4491, 1.0035, 0.02),
(154, 'BHR', 'Bahrain', 'Manama', 'Asia', 1472233, 1477469, 1362142, 1213645, 711442, 517418, 362595, 222555, 765, 1924.4876, 1.0061, 0.02),
(155, 'TLS', 'Timor-Leste', 'Dili', 'Asia', 1341296, 1299995, 1205813, 1088486, 878360, 758106, 642224, 554021, 14874, 90.1772, 1.0154, 0.02),
(156, 'EST', 'Estonia', 'Tallinn', 'Europe', 1326062, 1329444, 1314657, 1331535, 1396877, 1570674, 1476983, 1361999, 45227, 29.3201, 0.9980, 0.02),
(157, 'MUS', 'Mauritius', 'Port Louis', 'Africa', 1299469, 1297828, 1293153, 1283330, 1215930, 1090290, 954865, 830115, 2040, 636.9946, 1.0004, 0.02),
(158, 'CYP', 'Cyprus', 'Nicosia', 'Europe', 1251488, 1237537, 1187280, 1129686, 948237, 788500, 679327, 640804, 9251, 135.2814, 1.0059, 0.02),
(159, 'SWZ', 'Eswatini', 'Mbabane', 'Africa', 1201670, 1180655, 1133936, 1099920, 1030496, 854011, 598564, 442865, 17364, 69.2047, 1.0079, 0.02),
(160, 'DJI', 'Djibouti', 'Djibouti', 'Africa', 1120849, 1090156, 1006259, 919199, 742033, 577173, 324121, 144379, 23200, 48.3125, 1.0138, 0.01),
(161, 'REU', 'Reunion', 'Saint-Denis', 'Africa', 974052, 957822, 922495, 890130, 785424, 658992, 551674, 473925, 2511, 387.9140, 1.0082, 0.01),
(162, 'FJI', 'Fiji', 'Suva', 'Oceania', 929766, 920422, 917200, 905169, 832509, 780430, 644582, 527634, 18272, 50.8847, 1.0056, 0.01),
(163, 'COM', 'Comoros', 'Moroni', 'Africa', 836774, 806166, 730216, 656024, 536758, 431119, 328328, 242351, 1862, 449.3953, 1.0184, 0.01),
(164, 'GUY', 'Guyana', 'Georgetown', 'SouthAmerica', 808726, 797202, 755031, 747932, 759051, 747116, 778176, 705261, 214969, 3.7621, 1.0052, 0.01),
(165, 'BTN', 'Bhutan', 'Thimphu', 'Asia', 782455, 772506, 743274, 705516, 587207, 558442, 415257, 298894, 38394, 20.3796, 1.0064, 0.01),
(166, 'SLB', 'Solomon Islands', 'Honiara', 'Oceania', 724273, 691191, 612660, 540394, 429978, 324171, 233668, 172833, 28896, 25.0648, 1.0232, 0.01),
(167, 'MAC', 'Macau', 'Concelho de Macau', 'Asia', 695168, 676283, 615239, 557297, 431896, 350227, 245332, 247284, 30, 23172.2667, 1.0125, 0.01),
(168, 'LUX', 'Luxembourg', 'Luxembourg', 'Europe', 647599, 630399, 569408, 507070, 435628, 381267, 363741, 339342, 2586, 250.4250, 1.0129, 0.01),
(169, 'MNE', 'Montenegro', 'Podgorica', 'Europe', 627082, 629048, 633966, 631044, 633324, 621442, 589324, 530268, 13812, 45.4012, 0.9988, 0.01),
(170, 'SUR', 'Suriname', 'Paramaribo', 'SouthAmerica', 618040, 607065, 575475, 546080, 478998, 412756, 375112, 379918, 163820, 3.7727, 1.0082, 0.01),
(171, 'CPV', 'Cape Verde', 'Praia', 'Africa', 593149, 582640, 552166, 521212, 458251, 364563, 317234, 287262, 4033, 147.0739, 1.0089, 0.01),
(172, 'ESH', 'Western Sahara', STRINGDECODE('El Aai\u00fan'), 'Africa', 575986, 556048, 491824, 413296, 270375, 178529, 116775, 76371, 266000, 2.1654, 1.0184, 0.01),
(173, 'MLT', 'Malta', 'Valletta', 'Europe', 533286, 515357, 456579, 418755, 399212, 365392, 333587, 315414, 316, 1687.6139, 1.0124, 0.01),
(174, 'MDV', 'Maldives', STRINGDECODE('Mal\u00e9'), 'Asia', 523787, 514438, 435582, 361575, 282507, 224957, 164887, 123243, 300, 1745.9567, 1.0045, 0.01),
(175, 'BRN', 'Brunei', 'Bandar Seri Begawan', 'Asia', 449002, 441725, 421437, 396053, 333926, 261928, 187921, 133343, 5765, 77.8841, 1.0081, 0.01),
(176, 'BHS', 'Bahamas', 'Nassau', 'NorthAmerica', 409984, 406471, 392697, 373272, 325014, 270679, 223752, 179129, 13943, 29.4043, 1.0051, 0.01);       
INSERT INTO PUBLIC.COUNTRYDATA(RANK, CCA3, COUNTRYTERRITORY, CAPITAL, CONTINENT, "2022 Population", "2020 Population", "2015 Population", "2010 Population", "2000 Population", "1990 Population", "1980 Population", "1970 Population", "Area km²", "Density per km²", "Growth Rate", "World Population Percentage") VALUES
(177, 'BLZ', 'Belize', 'Belmopan', 'NorthAmerica', 405272, 394921, 359871, 322106, 240406, 182589, 145133, 120905, 22966, 17.6466, 1.0131, 0.01),
(178, 'GLP', 'Guadeloupe', 'Basse-Terre', 'NorthAmerica', 395752, 395642, 399089, 403072, 424067, 391951, 334234, 318310, 1628, 243.0909, 0.9992, 0.00),
(179, 'ISL', 'Iceland', STRINGDECODE('Reykjav\u00edk'), 'Europe', 372899, 366669, 331060, 318333, 281462, 255019, 228263, 204468, 103000, 3.6204, 1.0069, 0.00),
(180, 'MTQ', 'Martinique', 'Fort-de-France', 'NorthAmerica', 367507, 370391, 383515, 392181, 432543, 374271, 333786, 326428, 1128, 325.8041, 0.9965, 0.00),
(181, 'VUT', 'Vanuatu', 'Port-Vila', 'Oceania', 326740, 311685, 276438, 245453, 192074, 150882, 118156, 87019, 12189, 26.8061, 1.0238, 0.00),
(182, 'MYT', 'Mayotte', 'Mamoudzou', 'Africa', 326101, 305587, 249545, 211786, 159215, 92659, 52233, 35383, 374, 871.9278, 1.0319, 0.00),
(183, 'PYF', 'French Polynesia', 'Papeete', 'Oceania', 306279, 301920, 291787, 283788, 250927, 211089, 163591, 117891, 4167, 73.5011, 1.0074, 0.00),
(184, 'GUF', 'French Guiana', 'Cayenne', 'SouthAmerica', 304557, 290969, 257026, 228453, 164351, 113931, 66825, 46484, 83534, 3.6459, 1.0239, 0.00),
(185, 'NCL', 'New Caledonia', STRINGDECODE('Noum\u00e9a'), 'Oceania', 289950, 286403, 283032, 261426, 221537, 177264, 148599, 110982, 18575, 15.6097, 1.0075, 0.00),
(186, 'BRB', 'Barbados', 'Bridgetown', 'NorthAmerica', 281635, 280693, 278083, 274711, 264657, 258868, 253575, 241397, 430, 654.9651, 1.0015, 0.00),
(187, 'STP', 'Sao Tome and Principe', STRINGDECODE('S\u00e3o Tom\u00e9'), 'Africa', 227380, 218641, 201124, 182138, 143714, 120343, 97210, 77583, 964, 235.8714, 1.0192, 0.00),
(188, 'WSM', 'Samoa', 'Apia', 'Oceania', 222382, 214929, 203571, 194672, 184008, 168186, 164905, 142771, 2842, 78.2484, 1.0165, 0.00),
(189, 'CUW', 'Curacao', 'Willemstad', 'NorthAmerica', 191163, 189288, 169572, 159380, 141424, 155446, 156851, 150385, 444, 430.5473, 1.0043, 0.00),
(190, 'LCA', 'Saint Lucia', 'Castries', 'NorthAmerica', 179857, 179237, 175623, 170935, 159500, 142301, 121633, 103090, 616, 291.9756, 1.0011, 0.00),
(191, 'GUM', 'Guam', STRINGDECODE('Hag\u00e5t\u00f1a'), 'Oceania', 171774, 169231, 167978, 164905, 160188, 138263, 110286, 88300, 549, 312.8852, 1.0073, 0.00),
(192, 'KIR', 'Kiribati', 'Tarawa', 'Oceania', 131232, 126463, 116707, 107995, 88826, 75124, 60813, 57437, 811, 161.8150, 1.0183, 0.00),
(193, 'GRD', 'Grenada', 'Saint George''s', 'NorthAmerica', 125438, 123663, 118980, 114039, 107432, 99047, 94838, 98794, 344, 364.6453, 1.0066, 0.00),
(194, 'FSM', 'Micronesia', 'Palikir', 'Oceania', 114164, 112106, 109462, 107588, 111709, 98603, 76299, 58989, 702, 162.6268, 1.0091, 0.00),
(195, 'JEY', 'Jersey', 'Saint Helier', 'Europe', 110778, 108319, 100561, 96151, 86192, 82874, 75124, 68347, 116, 954.9828, 1.0106, 0.00),
(196, 'SYC', 'Seychelles', 'Victoria', 'Africa', 107118, 105530, 99240, 92409, 80060, 71057, 65290, 54379, 452, 236.9867, 1.0061, 0.00),
(197, 'TON', 'Tonga', STRINGDECODE('Nuku\u2018alofa'), 'Oceania', 106858, 105254, 106122, 107383, 102603, 98727, 96708, 86484, 747, 143.0495, 1.0079, 0.00),
(198, 'ABW', 'Aruba', 'Oranjestad', 'NorthAmerica', 106445, 106585, 104257, 100341, 89101, 65712, 62267, 59106, 180, 591.3611, 0.9991, 0.00),
(199, 'VCT', 'Saint Vincent and the Grenadines', 'Kingstown', 'NorthAmerica', 103948, 104632, 106482, 109308, 113813, 112487, 107480, 98459, 389, 267.2185, 0.9963, 0.00),
(200, 'VIR', 'United States Virgin Islands', 'Charlotte Amalie', 'NorthAmerica', 99465, 100442, 102803, 106142, 108185, 100685, 96640, 63446, 347, 286.6427, 0.9937, 0.00),
(201, 'ATG', 'Antigua and Barbuda', STRINGDECODE('Saint John\u2019s'), 'NorthAmerica', 93763, 92664, 89941, 85695, 75055, 63328, 64888, 64516, 442, 212.1335, 1.0058, 0.00);
INSERT INTO PUBLIC.COUNTRYDATA(RANK, CCA3, COUNTRYTERRITORY, CAPITAL, CONTINENT, "2022 Population", "2020 Population", "2015 Population", "2010 Population", "2000 Population", "1990 Population", "1980 Population", "1970 Population", "Area km²", "Density per km²", "Growth Rate", "World Population Percentage") VALUES
(202, 'IMN', 'Isle of Man', 'Douglas', 'Europe', 84519, 84046, 83593, 83828, 75562, 68865, 64022, 55298, 572, 147.7605, 1.0030, 0.00),
(203, 'AND', 'Andorra', 'Andorra la Vella', 'Europe', 79824, 77700, 71746, 71519, 66097, 53569, 35611, 19860, 468, 170.5641, 1.0100, 0.00),
(204, 'DMA', 'Dominica', 'Roseau', 'NorthAmerica', 72737, 71995, 70007, 68755, 68346, 69481, 72978, 68895, 751, 96.8535, 1.0045, 0.00),
(205, 'CYM', 'Cayman Islands', 'George Town', 'NorthAmerica', 68706, 67311, 60911, 54074, 39658, 26027, 17100, 10533, 264, 260.2500, 1.0084, 0.00),
(206, 'BMU', 'Bermuda', 'Hamilton', 'NorthAmerica', 64184, 64031, 63144, 63447, 61371, 57470, 53565, 52019, 54, 1188.5926, 1.0000, 0.00),
(207, 'GGY', 'Guernsey', 'Saint Peter Port', 'Europe', 63301, 62794, 61629, 60782, 59114, 57727, 52860, 52656, 78, 811.5513, 1.0037, 0.00),
(208, 'GRL', 'Greenland', 'Nuuk', 'NorthAmerica', 56466, 56026, 55895, 56351, 56184, 55599, 50106, 45434, 2166086, 0.0261, 1.0040, 0.00),
(209, 'FRO', 'Faroe Islands', STRINGDECODE('T\u00f3rshavn'), 'Europe', 53090, 52415, 48816, 48410, 45660, 47479, 43054, 38416, 1393, 38.1120, 1.0038, 0.00),
(210, 'NFK', 'Northern Mariana Islands', 'Saipan', 'Oceania', 49551, 49587, 51514, 54087, 80338, 48002, 17613, 10143, 464, 106.7909, 1.0014, 0.00),
(211, 'KNA', 'Saint Kitts and Nevis', 'Basseterre', 'NorthAmerica', 47657, 47642, 47790, 47403, 45461, 40636, 43097, 44968, 261, 182.5939, 1.0011, 0.00),
(212, 'TCA', 'Turks and Caicos Islands', 'Cockburn Town', 'NorthAmerica', 45703, 44276, 36538, 29726, 18744, 11709, 7598, 5665, 948, 48.2099, 1.0131, 0.00),
(213, 'ASM', 'American Samoa', 'Pago Pago', 'Oceania', 44273, 46189, 51368, 54849, 58230, 47818, 32886, 27075, 199, 222.4774, 0.9831, 0.00),
(214, 'SXM', 'Sint Maarten', 'Philipsburg', 'NorthAmerica', 44175, 43621, 40205, 33034, 30489, 27845, 12243, 6260, 34, 1299.2647, 1.0030, 0.00),
(215, 'MHL', 'Marshall Islands', 'Majuro', 'Oceania', 41569, 43413, 49410, 53416, 54224, 46047, 31988, 23969, 181, 229.6630, 0.9886, 0.00),
(216, 'LIE', 'Liechtenstein', 'Vaduz', 'Europe', 39327, 38756, 37355, 35926, 33026, 28765, 25003, 21089, 160, 245.7937, 1.0074, 0.00),
(217, 'MCO', 'Monaco', 'Monaco', 'Europe', 36469, 36922, 36760, 33178, 32465, 30329, 27076, 24270, 2, 18234.5000, 0.9941, 0.00),
(218, 'SMR', 'San Marino', 'San Marino', 'Europe', 33660, 34007, 33570, 31608, 26823, 23132, 21346, 18169, 61, 551.8033, 0.9975, 0.00),
(219, 'GIB', 'Gibraltar', 'Gibraltar', 'Europe', 32649, 32709, 32520, 31262, 27741, 27317, 28734, 26685, 6, 5441.5000, 0.9994, 0.00),
(220, 'MAF', 'Saint Martin', 'Marigot', 'NorthAmerica', 31791, 32552, 35020, 36458, 29610, 28127, 7776, 5802, 53, 599.8302, 0.9951, 0.00),
(221, 'VGB', 'British Virgin Islands', 'Road Town', 'NorthAmerica', 31305, 30910, 29366, 27556, 20104, 15617, 11109, 9581, 151, 207.3179, 1.0059, 0.00),
(222, 'PLW', 'Palau', 'Ngerulmud', 'Oceania', 18055, 17972, 17794, 18540, 19726, 15293, 12252, 11366, 459, 39.3355, 1.0017, 0.00),
(223, 'COK', 'Cook Islands', 'Avarua', 'Oceania', 17011, 17029, 17695, 17212, 15897, 17123, 17651, 20470, 236, 72.0805, 1.0005, 0.00),
(224, 'AIA', 'Anguilla', 'The Valley', 'NorthAmerica', 15857, 15585, 14525, 13172, 11047, 8316, 6560, 6283, 91, 174.2527, 1.0066, 0.00),
(225, 'NRU', 'Nauru', 'Yaren', 'Oceania', 12668, 12315, 11185, 10241, 10377, 9598, 7635, 6663, 21, 603.2381, 1.0125, 0.00),
(226, 'WLF', 'Wallis and Futuna', 'Mata-Utu', 'Oceania', 11572, 11655, 12182, 13142, 14723, 13454, 11315, 9377, 142, 81.4930, 0.9953, 0.00),
(227, 'TUV', 'Tuvalu', 'Funafuti', 'Oceania', 11312, 11069, 10877, 10550, 9638, 9182, 7731, 5814, 26, 435.0769, 1.0096, 0.00),
(228, 'BLM', 'Saint Barthelemy', 'Gustavia', 'NorthAmerica', 10967, 10681, 9643, 8988, 7082, 5168, 2983, 2417, 21, 522.2381, 1.0098, 0.00),
(229, 'SPM', 'Saint Pierre and Miquelon', 'Saint-Pierre', 'NorthAmerica', 5862, 5906, 5978, 6052, 6274, 6324, 6106, 5537, 242, 24.2231, 0.9964, 0.00);        
INSERT INTO PUBLIC.COUNTRYDATA(RANK, CCA3, COUNTRYTERRITORY, CAPITAL, CONTINENT, "2022 Population", "2020 Population", "2015 Population", "2010 Population", "2000 Population", "1990 Population", "1980 Population", "1970 Population", "Area km²", "Density per km²", "Growth Rate", "World Population Percentage") VALUES
(230, 'MSR', 'Montserrat', 'Brades', 'NorthAmerica', 4390, 4500, 5059, 4938, 5138, 10805, 11452, 11402, 102, 43.0392, 0.9939, 0.00),
(231, 'FLK', 'Falkland Islands', 'Stanley', 'SouthAmerica', 3780, 3747, 3408, 3187, 3080, 2332, 2240, 2274, 12173, 0.3105, 1.0043, 0.00),
(232, 'NIU', 'Niue', 'Alofi', 'Oceania', 1934, 1942, 1847, 1812, 2074, 2533, 3637, 5185, 260, 7.4385, 0.9985, 0.00),
(233, 'TKL', 'Tokelau', 'Nukunonu', 'Oceania', 1871, 1827, 1454, 1367, 1666, 1669, 1647, 1714, 12, 155.9167, 1.0119, 0.00),
(234, 'VAT', 'Vatican City', 'Vatican City', 'Europe', 510, 520, 564, 596, 651, 700, 733, 752, 1, 510.0000, 0.9980, 0.00);      
CREATE CACHED TABLE PUBLIC.DEMOCRACY(
    COUNTRY VARCHAR(32) NOT NULL,
    GOVERNMENT VARCHAR(12) NOT NULL,
    TYPE VARCHAR(27) NOT NULL
);  
ALTER TABLE PUBLIC.DEMOCRACY ADD CONSTRAINT PUBLIC.CONSTRAINT_D PRIMARY KEY(COUNTRY);          
-- 192 +/- SELECT COUNT(*) FROM PUBLIC.DEMOCRACY;              
INSERT INTO PUBLIC.DEMOCRACY(COUNTRY, GOVERNMENT, TYPE) VALUES
('Afghanistan', 'Dictatorship', 'CivilianDictatorship'),
('Albania', 'Democracy', 'ParliamentaryDemocracy'),
('Algeria', 'Dictatorship', 'CivilianDictatorship'),
('Andorra', 'Democracy', 'ParliamentaryDemocracy'),
('Angola', 'Dictatorship', 'CivilianDictatorship'),
('Antigua and Barbuda', 'Democracy', 'ParliamentaryDemocracy'),
('Argentina', 'Democracy', 'PresidentialDemocracy'),
('Australia', 'Democracy', 'ParliamentaryDemocracy'),
('Azerbaijan', 'Dictatorship', 'CivilianDictatorship'),
('Bahamas', 'Democracy', 'ParliamentaryDemocracy'),
('Bahrain', 'Dictatorship', 'RoyalDictatorship'),
('Bangladesh', 'Dictatorship', 'CivilianDictatorship'),
('Barbados', 'Democracy', 'ParliamentaryDemocracy'),
('Belarus', 'Dictatorship', 'CivilianDictatorship'),
('Belgium', 'Democracy', 'ParliamentaryDemocracy'),
('Belize', 'Democracy', 'ParliamentaryDemocracy'),
('Benin', 'Democracy', 'PresidentialDemocracy'),
('Bhutan', 'Democracy', 'ParliamentaryDemocracy'),
('Bolivia', 'Democracy', 'PresidentialDemocracy'),
('Bosnia and Herzegovina', 'Dictatorship', 'CivilianDictatorship'),
('Botswana', 'Dictatorship', 'MilitaryDictatorship'),
('Brazil', 'Democracy', 'PresidentialDemocracy'),
('Brunei', 'Dictatorship', 'RoyalDictatorship'),
('Burkina Faso', 'Dictatorship', 'MilitaryDictatorship'),
('Burundi', 'Democracy', 'PresidentialDemocracy'),
('Cambodia', 'Dictatorship', 'RoyalDictatorship'),
('Cameroon', 'Dictatorship', 'CivilianDictatorship'),
('Canada', 'Democracy', 'ParliamentaryDemocracy'),
('Central African Republic', 'Dictatorship', 'MilitaryDictatorship'),
('Chad', 'Dictatorship', 'MilitaryDictatorship'),
('Chile', 'Democracy', 'PresidentialDemocracy'),
('China', 'Dictatorship', 'CivilianDictatorship'),
('Colombia', 'Democracy', 'PresidentialDemocracy'),
('Comoros', 'Democracy', 'PresidentialDemocracy'),
('Congo', 'Dictatorship', 'MilitaryDictatorship'),
('Costa Rica', 'Democracy', 'PresidentialDemocracy'),
('Cote d''Ivoire', 'Dictatorship', 'CivilianDictatorship'),
('Cuba', 'Dictatorship', 'MilitaryDictatorship'),
('Cyprus', 'Democracy', 'PresidentialDemocracy'),
('Czech Republic', 'Democracy', 'ParliamentaryDemocracy'),
('Democratic Republic of the Congo', 'Dictatorship', 'CivilianDictatorship'),
('Denmark', 'Democracy', 'ParliamentaryDemocracy'),
('Djibouti', 'Dictatorship', 'CivilianDictatorship'),
('Dominica', 'Democracy', 'ParliamentaryDemocracy'),
('Dominican Republic', 'Democracy', 'PresidentialDemocracy'),
('Ecuador', 'Democracy', 'PresidentialDemocracy'),
('Egypt', 'Dictatorship', 'MilitaryDictatorship'),
('El Salvador', 'Democracy', 'PresidentialDemocracy'),
('Equatorial Guinea', 'Dictatorship', 'MilitaryDictatorship'),
('Eritrea', 'Dictatorship', 'CivilianDictatorship'),
('Estonia', 'Democracy', 'ParliamentaryDemocracy'),
('Ethiopia', 'Dictatorship', 'CivilianDictatorship'),
('Fiji', 'Dictatorship', 'MilitaryDictatorship'),
('Gabon', 'Dictatorship', 'CivilianDictatorship'),
('Gambia', 'Dictatorship', 'MilitaryDictatorship'),
('Germany', 'Democracy', 'ParliamentaryDemocracy'),
('Ghana', 'Democracy', 'PresidentialDemocracy'),
('Greece', 'Democracy', 'ParliamentaryDemocracy'),
('Grenada', 'Democracy', 'ParliamentaryDemocracy'),
('Guatemala', 'Democracy', 'PresidentialDemocracy'),
('Guinea', 'Dictatorship', 'MilitaryDictatorship'),
('Guyana', 'Dictatorship', 'CivilianDictatorship'),
('Haiti', 'Dictatorship', 'CivilianDictatorship'),
('Honduras', 'Democracy', 'PresidentialDemocracy'),
('Hungary', 'Democracy', 'ParliamentaryDemocracy'),
('India', 'Democracy', 'ParliamentaryDemocracy'),
('Indonesia', 'Democracy', 'PresidentialDemocracy'),
('Iran', 'Dictatorship', 'CivilianDictatorship'),
('Iraq', 'Dictatorship', 'MilitaryDictatorship'),
('Israel', 'Democracy', 'ParliamentaryDemocracy'),
('Italy', 'Democracy', 'ParliamentaryDemocracy'),
('Jamaica', 'Democracy', 'ParliamentaryDemocracy'),
('Japan', 'Democracy', 'ParliamentaryDemocracy'),
('Jordan', 'Dictatorship', 'RoyalDictatorship'),
('Kazakhstan', 'Dictatorship', 'CivilianDictatorship'),
('Kenya', 'Democracy', 'PresidentialDemocracy');              
INSERT INTO PUBLIC.DEMOCRACY(COUNTRY, GOVERNMENT, TYPE) VALUES
('Kiribati', 'Democracy', 'ParliamentaryDemocracy'),
('Kuwait', 'Dictatorship', 'RoyalDictatorship'),
('Laos', 'Dictatorship', 'MilitaryDictatorship'),
('Latvia', 'Democracy', 'ParliamentaryDemocracy'),
('Lebanon', 'Dictatorship', 'MilitaryDictatorship'),
('Lesotho', 'Dictatorship', 'CivilianDictatorship'),
('Liberia', 'Democracy', 'PresidentialDemocracy'),
('Libya', 'Dictatorship', 'MilitaryDictatorship'),
('Liechtenstein', 'Democracy', 'ParliamentaryDemocracy'),
('Luxembourg', 'Democracy', 'ParliamentaryDemocracy'),
('Malawi', 'Democracy', 'PresidentialDemocracy'),
('Malaysia', 'Dictatorship', 'CivilianDictatorship'),
('Maldives', 'Democracy', 'PresidentialDemocracy'),
('Malta', 'Democracy', 'ParliamentaryDemocracy'),
('Marshall Islands', 'Democracy', 'ParliamentaryDemocracy'),
('Mauritania', 'Dictatorship', 'MilitaryDictatorship'),
('Mauritius', 'Democracy', 'ParliamentaryDemocracy'),
('Mexico', 'Democracy', 'PresidentialDemocracy'),
('Micronesia', 'Democracy', 'PresidentialDemocracy'),
('Moldova', 'Democracy', 'ParliamentaryDemocracy'),
('Montenegro', 'Dictatorship', 'CivilianDictatorship'),
('Morocco', 'Dictatorship', 'RoyalDictatorship'),
('Mozambique', 'Dictatorship', 'CivilianDictatorship'),
('Myanmar', 'Dictatorship', 'MilitaryDictatorship'),
('Namibia', 'Dictatorship', 'CivilianDictatorship'),
('Nauru', 'Democracy', 'ParliamentaryDemocracy'),
('Nepal', 'Democracy', 'ParliamentaryDemocracy'),
('Netherlands', 'Democracy', 'ParliamentaryDemocracy'),
('New Zealand', 'Democracy', 'ParliamentaryDemocracy'),
('Nicaragua', 'Democracy', 'PresidentialDemocracy'),
('Nigeria', 'Democracy', 'PresidentialDemocracy'),
('North Korea', 'Dictatorship', 'CivilianDictatorship'),
('Norway', 'Democracy', 'ParliamentaryDemocracy'),
('Oman', 'Dictatorship', 'RoyalDictatorship'),
('Pakistan', 'Democracy', 'ParliamentaryDemocracy'),
('Palau', 'Democracy', 'PresidentialDemocracy'),
('Panama', 'Democracy', 'PresidentialDemocracy'),
('Papua New Guinea', 'Democracy', 'ParliamentaryDemocracy'),
('Paraguay', 'Democracy', 'PresidentialDemocracy'),
('Peru', 'Democracy', 'PresidentialDemocracy'),
('Philippines', 'Democracy', 'PresidentialDemocracy'),
('Qatar', 'Dictatorship', 'RoyalDictatorship'),
('Russia', 'Dictatorship', 'CivilianDictatorship'),
('Rwanda', 'Dictatorship', 'MilitaryDictatorship'),
('Samoa', 'Dictatorship', 'RoyalDictatorship'),
('San Marino', 'Democracy', 'ParliamentaryDemocracy'),
('Saudi Arabia', 'Dictatorship', 'RoyalDictatorship'),
('Seychelles', 'Dictatorship', 'CivilianDictatorship'),
('Sierra Leone', 'Democracy', 'PresidentialDemocracy'),
('Singapore', 'Dictatorship', 'CivilianDictatorship'),
('Slovenia', 'Democracy', 'ParliamentaryDemocracy'),
('Solomon Islands', 'Democracy', 'ParliamentaryDemocracy'),
('Somalia', 'Dictatorship', 'CivilianDictatorship'),
('South Africa', 'Dictatorship', 'CivilianDictatorship'),
('South Korea', 'Democracy', 'PresidentialDemocracy'),
('Spain', 'Democracy', 'ParliamentaryDemocracy'),
('Sri Lanka', 'Democracy', 'PresidentialDemocracy'),
('Saint Kitts and Nevis', 'Democracy', 'ParliamentaryDemocracy'),
('Saint Lucia', 'Democracy', 'ParliamentaryDemocracy'),
('Saint Vincent and the Grenadines', 'Democracy', 'ParliamentaryDemocracy'),
('Sudan', 'Dictatorship', 'MilitaryDictatorship'),
('Suriname', 'Democracy', 'PresidentialDemocracy'),
('Swaziland', 'Dictatorship', 'RoyalDictatorship'),
('Sweden', 'Democracy', 'ParliamentaryDemocracy'),
('Switzerland', 'Democracy', 'PresidentialDemocracy'),
('Syria', 'Dictatorship', 'MilitaryDictatorship'),
('Tajikistan', 'Dictatorship', 'CivilianDictatorship'),
('Tanzania', 'Dictatorship', 'MilitaryDictatorship'),
('Thailand', 'Democracy', 'ParliamentaryDemocracy'),
('Togo', 'Dictatorship', 'CivilianDictatorship'),
('Tonga', 'Dictatorship', 'RoyalDictatorship'),
('Trinidad and Tobago', 'Democracy', 'ParliamentaryDemocracy'),
('Tunisia', 'Dictatorship', 'MilitaryDictatorship'),
('Turkey', 'Democracy', 'PresidentialDemocracy'),
('Turkmenistan', 'Dictatorship', 'CivilianDictatorship'),
('Tuvalu', 'Democracy', 'ParliamentaryDemocracy');          
INSERT INTO PUBLIC.DEMOCRACY(COUNTRY, GOVERNMENT, TYPE) VALUES
('Uganda', 'Dictatorship', 'CivilianDictatorship'),
('United Arab Emirates', 'Dictatorship', 'RoyalDictatorship'),
('United Kingdom', 'Democracy', 'ParliamentaryDemocracy'),
('United States', 'Democracy', 'PresidentialDemocracy'),
('Uruguay', 'Democracy', 'PresidentialDemocracy'),
('Uzbekistan', 'Dictatorship', 'CivilianDictatorship'),
('Vanuatu', 'Democracy', 'ParliamentaryDemocracy'),
('Venezuela', 'Democracy', 'PresidentialDemocracy'),
('Vietnam', 'Dictatorship', 'CivilianDictatorship'),
('Yemen', 'Dictatorship', 'MilitaryDictatorship'),
('Zambia', 'Dictatorship', 'CivilianDictatorship'),
('Zimbabwe', 'Dictatorship', 'CivilianDictatorship'),
('Armenia', 'Democracy', 'SemiPresidentialDemocracy'),
('Austria', 'Democracy', 'SemiPresidentialDemocracy'),
('Bulgaria', 'Democracy', 'SemiPresidentialDemocracy'),
('Cape Verde', 'Democracy', 'SemiPresidentialDemocracy'),
('Croatia', 'Democracy', 'SemiPresidentialDemocracy'),
('East Timor', 'Democracy', 'SemiPresidentialDemocracy'),
('Finland', 'Democracy', 'SemiPresidentialDemocracy'),
('France', 'Democracy', 'SemiPresidentialDemocracy'),
('Georgia', 'Democracy', 'SemiPresidentialDemocracy'),
('Guinea-Bissau', 'Democracy', 'SemiPresidentialDemocracy'),
('Iceland', 'Democracy', 'SemiPresidentialDemocracy'),
('Ireland', 'Democracy', 'SemiPresidentialDemocracy'),
('Kyrgyzstan', 'Democracy', 'SemiPresidentialDemocracy'),
('Lithuania', 'Democracy', 'SemiPresidentialDemocracy'),
('North Macedonia', 'Democracy', 'SemiPresidentialDemocracy'),
('Madagascar', 'Democracy', 'SemiPresidentialDemocracy'),
('Mali', 'Democracy', 'SemiPresidentialDemocracy'),
('Mongolia', 'Democracy', 'SemiPresidentialDemocracy'),
('Niger', 'Democracy', 'SemiPresidentialDemocracy'),
('Poland', 'Democracy', 'SemiPresidentialDemocracy'),
('Portugal', 'Democracy', 'SemiPresidentialDemocracy'),
('Romania', 'Democracy', 'SemiPresidentialDemocracy'),
('Sao Tome and Principe', 'Democracy', 'SemiPresidentialDemocracy'),
('Senegal', 'Democracy', 'SemiPresidentialDemocracy'),
('Serbia', 'Democracy', 'SemiPresidentialDemocracy'),
('Slovakia', 'Democracy', 'SemiPresidentialDemocracy'),
('Taiwan', 'Democracy', 'SemiPresidentialDemocracy'),
('Ukraine', 'Democracy', 'SemiPresidentialDemocracy');           
CREATE CACHED TABLE PUBLIC.GDP(
    COUNTRY VARCHAR(52) NOT NULL,
    CODE VARCHAR(3) NOT NULL,
    GDP NUMERIC(18, 6)
);      
ALTER TABLE PUBLIC.GDP ADD CONSTRAINT PUBLIC.CONSTRAINT_1 PRIMARY KEY(COUNTRY);
-- 213 +/- SELECT COUNT(*) FROM PUBLIC.GDP;    
INSERT INTO PUBLIC.GDP(COUNTRY, CODE, GDP) VALUES
('Aruba', 'ABW', 2983636871.508380),
('Africa Eastern and Southern', 'AFE', 873354876607.317000),
('Afghanistan', 'AFG', 18116562464.908800),
('Africa Western and Central', 'AFW', 690543020916.229000),
('Angola', 'AGO', 101123851090.455000),
('Albania', 'ALB', 11861199830.839600),
('Andorra', 'AND', 2896679211.866280),
('United Arab Emirates', 'ARE', 357045064669.843000),
('Argentina', 'ARG', 557531376217.967000),
('Armenia', 'ARM', 10546135160.031000),
('American Samoa', 'ASM', 671000000.000000),
('Antigua and Barbuda', 'ATG', 1436585185.185190),
('Austria', 'AUT', 395568644341.038000),
('Azerbaijan', 'AZE', 37867518957.197500),
('Burundi', 'BDI', 2732808556.841720),
('Belgium', 'BEL', 475739588764.759000),
('Benin', 'BEN', 11821066152.597900),
('Burkina Faso', 'BFA', 12833363370.174000),
('Bangladesh', 'BGD', 221415188000.475000),
('Bulgaria', 'BGR', 53953897624.434400),
('Bahrain', 'BHR', 32234973404.255300),
('Bahamas, The', 'BHS', 11992600000.000000),
('Bosnia and Herzegovina', 'BIH', 16914287348.981900),
('Belarus', 'BLR', 47722657820.667500),
('Belize', 'BLZ', 1789304087.785610),
('Bermuda', 'BMU', 6899911000.000000),
('Bolivia', 'BOL', 33941126200.060600),
('Barbados', 'BRB', 4830000000.000000),
('Brunei Darussalam', 'BRN', 11400854267.718800),
('Bhutan', 'BTN', 2158972129.003070),
('Botswana', 'BWA', 15082578064.800200),
('Central African Republic', 'CAF', 1825018190.850710),
('Switzerland', 'CHE', 695600652899.283000),
('Channel Islands', 'CHI', NULL),
('Chile', 'CHL', 250440149690.846000),
('Cote d''Ivoire', 'CIV', 47964234560.051400),
('Cameroon', 'CMR', 33814337900.283100),
('Congo, Dem. Rep.', 'COD', 37134799974.522500),
('Congo, Rep.', 'COG', 10215989995.007300),
('Colombia', 'COL', 282825009887.458000),
('Comoros', 'COM', 1012835518.260370),
('Cabo Verde', 'CPV', 1662998677.884250),
('Costa Rica', 'CRI', 58847016044.824400),
('Caribbean small states', 'CSS', 69598702057.872400),
('Cuba', 'CUB', 91370000000.000000),
('Curacao', 'CUW', 3122287932.960890),
('Cayman Islands', 'CYM', 4909498979.959200),
('Cyprus', 'CYP', 20953442550.365300),
('Czech Republic', 'CZE', 196272068576.338000),
('Djibouti', 'DJI', 2603540256.919550),
('Dominica', 'DMA', 576229629.629630),
('Denmark', 'DNK', 313115929314.339000),
('Dominican Republic', 'DOM', 75704720189.560700),
('Algeria', 'DZA', 160034163871.455000),
('Ecuador', 'ECU', 99937696000.000000),
('Egypt, Arab Rep.', 'EGY', 332441717791.411000),
('Eritrea', 'ERI', NULL),
('Estonia', 'EST', 24056487770.898000),
('Ethiopia', 'ETH', 74296618481.088200),
('Finland', 'FIN', 240607907010.383000),
('Fiji', 'FJI', 4930204229.722630),
('Faroe Islands', 'FRO', 2738832687.136980),
('Micronesia, Fed. Sts.', 'FSM', 332265200.000000),
('Gabon', 'GAB', 14023890620.338400),
('Georgia', 'GEO', 15141758566.780800),
('Ghana', 'GHA', 56165172898.869500),
('Gibraltar', 'GIB', NULL),
('Guinea', 'GIN', 8595955581.217870),
('Gambia, The', 'GMB', 1484579844.371430),
('Guinea-Bissau', 'GNB', 1179004941.229040),
('Equatorial Guinea', 'GNQ', 11240808846.692800),
('Greece', 'GRC', 193017030649.700000),
('Grenada', 'GRD', 1061640740.740740),
('Greenland', 'GRL', 2707146783.130560),
('Guatemala', 'GTM', 66053725049.013800),
('Guam', 'GUM', 5901000000.000000),
('Guyana', 'GUY', 4482697336.561740),
('Hong Kong SAR, China', 'HKG', 320837638328.846000),
('Honduras', 'HND', 21566622849.605700),
('Heavily indebted poor countries (HIPC)', 'HPC', 668494140790.382000),
('Croatia', 'HRV', 52295158344.254400),
('Haiti', 'HTI', 13987693738.923000),
('Hungary', 'HUN', 128636108315.474000),
('IDA blend', 'IDB', 942117764046.800000),
('Indonesia', 'IDN', 931877364177.742000),
('Isle of Man', 'IMN', 6846691871.455580),
('Not classified', 'INX', NULL),
('Ireland', 'IRL', 298725229419.215000),
('Iran, Islamic Rep.', 'IRN', 417983583565.540000),
('Iraq', 'IRQ', 166602488747.885000),
('Iceland', 'ISL', 20793168030.952400),
('Israel', 'ISR', 319024417316.889000),
('Jamaica', 'JAM', 14077109396.858400),
('Jordan', 'JOR', 39892551126.760600),
('Kazakhstan', 'KAZ', 137278320084.171000);    
INSERT INTO PUBLIC.GDP(COUNTRY, CODE, GDP) VALUES
('Kenya', 'KEN', 74815121314.938100),
('Kyrgyz Republic', 'KGZ', 6813092065.835070),
('Cambodia', 'KHM', 20016747754.019200),
('Kiribati', 'KIR', 178328984.096884),
('St. Kitts and Nevis', 'KNA', 1008888888.888890),
('Kuwait', 'KWT', 109419728566.700000),
('Lao PDR', 'LAO', 15912495368.871700),
('Lebanon', 'LBN', 51389318290.864200),
('Liberia', 'LBR', 3398419600.000000),
('Libya', 'LBY', 26197143268.124300),
('St. Lucia', 'LCA', 1865513444.444440),
('Least developed countries: UN classification', 'LDC', 936300776403.567000),
('Low income', 'LIC', 387204228271.268000),
('Liechtenstein', 'LIE', 6237264055.206010),
('Sri Lanka', 'LKA', 82401038709.535600),
('Lesotho', 'LSO', 2114323793.982660),
('Lithuania', 'LTU', 43018087237.574100),
('Luxembourg', 'LUX', 62174650367.221600),
('Latvia', 'LVA', 28064533352.284900),
('Macao SAR, China', 'MAC', 45070605746.019400),
('St. Martin (French part)', 'MAF', NULL),
('Morocco', 'MAR', 103311649248.024000),
('Monaco', 'MCO', 6472990923.179100),
('Moldova', 'MDA', 8071480540.860680),
('Madagascar', 'MDG', 11848613735.190800),
('Maldives', 'MDV', 4379136461.830770),
('Marshall Islands', 'MHL', 201510900.000000),
('North Macedonia', 'MKD', 10672471860.718400),
('Mali', 'MLI', 14026048690.731200),
('Malta', 'MLT', 11721521912.720200),
('Myanmar', 'MMR', 60291738934.778300),
('Montenegro', 'MNE', 4374128318.584070),
('Mongolia', 'MNG', 11181350461.472300),
('Northern Mariana Islands', 'MNP', 1230000000.000000),
('Mozambique', 'MOZ', 11936999283.179100),
('Mauritania', 'MRT', 6398744505.081290),
('Mauritius', 'MUS', 12232463655.572700),
('Malawi', 'MWI', 5433040159.887470),
('Malaysia', 'MYS', 301255380276.258000),
('Namibia', 'NAM', 10721994676.656200),
('New Caledonia', 'NCL', 8724568970.678910),
('Niger', 'NER', 10398862244.973700),
('Nigeria', 'NGA', 404650006428.613000),
('Nicaragua', 'NIC', 13286083644.876100),
('Netherlands', 'NLD', 783528181704.567000),
('Norway', 'NOR', 368827142857.143000),
('Nepal', 'NPL', 24524098184.423600),
('Nauru', 'NRU', 99723394.962877),
('New Zealand', 'NZL', 188943457301.474000),
('Oman', 'OMN', 75128738621.586500),
('Other small states', 'OSS', 365871050813.934000),
('Pakistan', 'PAK', 278654637737.690000),
('Panama', 'PAN', 57907695408.939200),
('Peru', 'PER', 191895943823.887000),
('Philippines', 'PHL', 318626761492.305000),
('Palau', 'PLW', 298300000.000000),
('Papua New Guinea', 'PNG', 20759069103.096100),
('Poland', 'POL', 472630364208.177000),
('Puerto Rico', 'PRI', 104336700000.000000),
('Korea, Dem. People''s Rep.', 'PRK', NULL),
('Portugal', 'PRT', 206286022781.894000),
('Paraguay', 'PRY', 36089550659.091400),
('West Bank and Gaza', 'PSE', 15405400000.000000),
('Pacific island small states', 'PSS', 9456355295.654440),
('French Polynesia', 'PYF', NULL),
('Qatar', 'QAT', 151732181868.132000),
('Romania', 'ROU', 188128818486.401000),
('Rwanda', 'RWA', 8690485823.145460),
('Saudi Arabia', 'SAU', 644935541440.000000),
('Sudan', 'SDN', 42630376000.000000),
('Senegal', 'SEN', 19040312815.133700),
('Singapore', 'SGP', 318763807455.664000),
('Solomon Islands', 'SLB', 1378551118.492240),
('Sierra Leone', 'SLE', 3674794530.189560),
('El Salvador', 'SLV', 24191430000.000000),
('San Marino', 'SMR', 1468377272.138590),
('Somalia', 'SOM', 5529873479.871530),
('Serbia', 'SRB', 40692643373.032700),
('South Sudan', 'SSD', NULL),
('Small states', 'SST', 444926108167.461000),
('Sao Tome and Principe', 'STP', 345495614.979982),
('Suriname', 'SUR', 3317438910.830680),
('Slovak Republic', 'SVK', 89614053143.793900),
('Slovenia', 'SVN', 44736333522.452200),
('Sweden', 'SWE', 515654671469.547000),
('Eswatini', 'SWZ', 3816022046.826560),
('Sint Maarten (Dutch part)', 'SXM', 1263687150.837990),
('Seychelles', 'SYC', 1426651768.821890),
('Syrian Arab Republic', 'SYR', 12356980638.814300),
('Turks and Caicos Islands', 'TCA', 1032452000.000000),
('Chad', 'TCD', 10097778353.765100),
('Togo', 'TGO', 6031632168.173910),
('Thailand', 'THA', 413366150655.591000),
('Tajikistan', 'TJK', 6992393787.408910),
('Turkmenistan', 'TKM', 36169428571.428600);           
INSERT INTO PUBLIC.GDP(COUNTRY, CODE, GDP) VALUES
('Timor-Leste', 'TLS', 1650618500.000000),
('Tonga', 'TON', 420540178.571429),
('Trinidad and Tobago', 'TTO', 22386264807.317400),
('Tunisia', 'TUN', 44360775649.166400),
('Turkey', 'TUR', 869692960365.551000),
('Tuvalu', 'TUV', 36547799.583705),
('Tanzania', 'TZA', 49774021003.074800),
('Uganda', 'UGA', 29203988814.897300),
('Ukraine', 'UKR', 93355993628.504200),
('Uruguay', 'URY', 57236652490.169900),
('Uzbekistan', 'UZB', 86138288615.121800),
('St. Vincent and the Grenadines', 'VCT', 774429629.629630),
('Venezuela, RB', 'VEN', NULL),
('British Virgin Islands', 'VGB', NULL),
('Virgin Islands (U.S.)', 'VIR', 3798000000.000000),
('Vietnam', 'VNM', 205276172134.901000),
('Vanuatu', 'VUT', 780889605.899977),
('Samoa', 'WSM', 799493884.324697),
('Kosovo', 'XKX', 6682832632.278060),
('Yemen, Rep.', 'YEM', 31317365269.461100),
('South Africa', 'ZAF', 323585509674.481000),
('Zambia', 'ZMB', 20958412538.309300),
('Zimbabwe', 'ZWE', 20548678100.000000);              
CREATE CACHED TABLE PUBLIC.HAPPINESS(
    COUNTRY VARCHAR(23) NOT NULL,
    REGION VARCHAR(31) NOT NULL,
    "Happiness Rank" INTEGER NOT NULL,
    "Happiness Score" NUMERIC(5, 3) NOT NULL,
    "Lower Confidence Interval" NUMERIC(5, 3) NOT NULL,
    "Upper Confidence Interval" NUMERIC(5, 3) NOT NULL,
    "Economy GDP per Capita" NUMERIC(7, 5) NOT NULL,
    FAMILY NUMERIC(7, 5) NOT NULL,
    "Health Life Expectancy" NUMERIC(7, 5) NOT NULL,
    FREEDOM NUMERIC(7, 5) NOT NULL,
    "Trust Government Corruption" NUMERIC(7, 5) NOT NULL,
    GENEROSITY NUMERIC(7, 5) NOT NULL,
    "Dystopia Residual" NUMERIC(7, 5) NOT NULL
);              
ALTER TABLE PUBLIC.HAPPINESS ADD CONSTRAINT PUBLIC.CONSTRAINT_28 PRIMARY KEY(COUNTRY);         
-- 157 +/- SELECT COUNT(*) FROM PUBLIC.HAPPINESS;              
INSERT INTO PUBLIC.HAPPINESS(COUNTRY, REGION, "Happiness Rank", "Happiness Score", "Lower Confidence Interval", "Upper Confidence Interval", "Economy GDP per Capita", FAMILY, "Health Life Expectancy", FREEDOM, "Trust Government Corruption", GENEROSITY, "Dystopia Residual") VALUES
('Denmark', 'Western Europe', 1, 7.526, 7.460, 7.592, 1.44178, 1.16374, 0.79504, 0.57941, 0.44453, 0.36171, 2.73939),
('Switzerland', 'Western Europe', 2, 7.509, 7.428, 7.590, 1.52733, 1.14524, 0.86303, 0.58557, 0.41203, 0.28083, 2.69463),
('Iceland', 'Western Europe', 3, 7.501, 7.333, 7.669, 1.42666, 1.18326, 0.86733, 0.56624, 0.14975, 0.47678, 2.83137),
('Norway', 'Western Europe', 4, 7.498, 7.421, 7.575, 1.57744, 1.12690, 0.79579, 0.59609, 0.35776, 0.37895, 2.66465),
('Finland', 'Western Europe', 5, 7.413, 7.351, 7.475, 1.40598, 1.13464, 0.81091, 0.57104, 0.41004, 0.25492, 2.82596),
('Canada', 'North America', 6, 7.404, 7.335, 7.473, 1.44015, 1.09610, 0.82760, 0.57370, 0.31329, 0.44834, 2.70485),
('Netherlands', 'Western Europe', 7, 7.339, 7.284, 7.394, 1.46468, 1.02912, 0.81231, 0.55211, 0.29927, 0.47416, 2.70749),
('New Zealand', 'Australia and New Zealand', 8, 7.334, 7.264, 7.404, 1.36066, 1.17278, 0.83096, 0.58147, 0.41904, 0.49401, 2.47553),
('Australia', 'Australia and New Zealand', 9, 7.313, 7.241, 7.385, 1.44443, 1.10476, 0.85120, 0.56837, 0.32331, 0.47407, 2.54650),
('Sweden', 'Western Europe', 10, 7.291, 7.227, 7.355, 1.45181, 1.08764, 0.83121, 0.58218, 0.40867, 0.38254, 2.54734),
('Israel', 'Middle East and Northern Africa', 11, 7.267, 7.199, 7.335, 1.33766, 0.99537, 0.84917, 0.36432, 0.08728, 0.32288, 3.31029),
('Austria', 'Western Europe', 12, 7.119, 7.045, 7.193, 1.45038, 1.08383, 0.80565, 0.54355, 0.21348, 0.32865, 2.69343),
('United States', 'North America', 13, 7.104, 7.020, 7.188, 1.50796, 1.04782, 0.77900, 0.48163, 0.14868, 0.41077, 2.72782),
('Costa Rica', 'Latin America and Caribbean', 14, 7.087, 6.999, 7.175, 1.06879, 1.02152, 0.76146, 0.55225, 0.10547, 0.22553, 3.35168),
('Puerto Rico', 'Latin America and Caribbean', 15, 7.039, 6.794, 7.284, 1.35943, 1.08113, 0.77758, 0.46823, 0.12275, 0.22202, 3.00760),
('Germany', 'Western Europe', 16, 6.994, 6.930, 7.058, 1.44787, 1.09774, 0.81487, 0.53466, 0.28551, 0.30452, 2.50931),
('Brazil', 'Latin America and Caribbean', 17, 6.952, 6.875, 7.029, 1.08754, 1.03938, 0.61415, 0.40425, 0.14166, 0.15776, 3.50733),
('Belgium', 'Western Europe', 18, 6.929, 6.861, 6.997, 1.42539, 1.05249, 0.81959, 0.51354, 0.26248, 0.24240, 2.61355),
('Ireland', 'Western Europe', 19, 6.907, 6.836, 6.978, 1.48341, 1.16157, 0.81455, 0.54008, 0.29754, 0.44963, 2.15988),
('Luxembourg', 'Western Europe', 20, 6.871, 6.804, 6.938, 1.69752, 1.03999, 0.84542, 0.54870, 0.35329, 0.27571, 2.11055),
('Mexico', 'Latin America and Caribbean', 21, 6.778, 6.680, 6.876, 1.11508, 0.71460, 0.71143, 0.37709, 0.18355, 0.11735, 3.55906),
('Singapore', 'Southeastern Asia', 22, 6.739, 6.674, 6.804, 1.64555, 0.86758, 0.94719, 0.48770, 0.46987, 0.32706, 1.99375),
('United Kingdom', 'Western Europe', 23, 6.725, 6.647, 6.803, 1.40283, 1.08672, 0.80991, 0.50036, 0.27399, 0.50156, 2.14999),
('Chile', 'Latin America and Caribbean', 24, 6.705, 6.615, 6.795, 1.21670, 0.90587, 0.81883, 0.37789, 0.11451, 0.31595, 2.95505),
('Panama', 'Latin America and Caribbean', 25, 6.701, 6.601, 6.801, 1.18306, 0.98912, 0.70835, 0.48927, 0.08423, 0.24180, 3.00559),
('Argentina', 'Latin America and Caribbean', 26, 6.650, 6.560, 6.740, 1.15137, 1.06612, 0.69711, 0.42284, 0.07296, 0.10989, 3.12985),
('Czech Republic', 'Central and Eastern Europe', 27, 6.596, 6.515, 6.677, 1.30915, 1.00793, 0.76376, 0.41418, 0.03986, 0.09929, 2.96211),
('United Arab Emirates', 'Middle East and Northern Africa', 28, 6.573, 6.494, 6.652, 1.57352, 0.87114, 0.72993, 0.56215, 0.35561, 0.26591, 2.21507),
('Uruguay', 'Latin America and Caribbean', 29, 6.545, 6.456, 6.634, 1.18157, 1.03143, 0.72183, 0.54388, 0.21394, 0.18056, 2.67139),
('Malta', 'Western Europe', 30, 6.488, 6.409, 6.567, 1.30782, 1.09879, 0.80315, 0.54994, 0.17554, 0.56237, 1.99032),
('Colombia', 'Latin America and Caribbean', 31, 6.481, 6.384, 6.578, 1.03032, 1.02169, 0.59659, 0.44735, 0.05399, 0.15626, 3.17471);          
INSERT INTO PUBLIC.HAPPINESS(COUNTRY, REGION, "Happiness Rank", "Happiness Score", "Lower Confidence Interval", "Upper Confidence Interval", "Economy GDP per Capita", FAMILY, "Health Life Expectancy", FREEDOM, "Trust Government Corruption", GENEROSITY, "Dystopia Residual") VALUES
('France', 'Western Europe', 32, 6.478, 6.397, 6.559, 1.39488, 1.00508, 0.83795, 0.46562, 0.17808, 0.12160, 2.47440),
('Thailand', 'Southeastern Asia', 33, 6.474, 6.396, 6.552, 1.08930, 1.04477, 0.64915, 0.49553, 0.02833, 0.58696, 2.57960),
('Saudi Arabia', 'Middle East and Northern Africa', 34, 6.379, 6.287, 6.471, 1.48953, 0.84829, 0.59267, 0.37904, 0.30008, 0.15457, 2.61482),
('Taiwan', 'Eastern Asia', 34, 6.379, 6.305, 6.453, 1.39729, 0.92624, 0.79565, 0.32377, 0.06630, 0.25495, 2.61523),
('Qatar', 'Middle East and Northern Africa', 36, 6.375, 6.178, 6.572, 1.82427, 0.87964, 0.71723, 0.56679, 0.48049, 0.32388, 1.58224),
('Spain', 'Western Europe', 37, 6.361, 6.288, 6.434, 1.34253, 1.12945, 0.87896, 0.37545, 0.06137, 0.17665, 2.39663),
('Algeria', 'Middle East and Northern Africa', 38, 6.355, 6.227, 6.483, 1.05266, 0.83309, 0.61804, 0.21006, 0.16157, 0.07044, 3.40904),
('Guatemala', 'Latin America and Caribbean', 39, 6.324, 6.213, 6.435, 0.83454, 0.87119, 0.54039, 0.50379, 0.08701, 0.28808, 3.19863),
('Suriname', 'Latin America and Caribbean', 40, 6.269, 6.073, 6.465, 1.09686, 0.77866, 0.50933, 0.52234, 0.12692, 0.16665, 3.06852),
('Kuwait', 'Middle East and Northern Africa', 41, 6.239, 6.154, 6.324, 1.61714, 0.87758, 0.63569, 0.43166, 0.23669, 0.15965, 2.28085),
('Bahrain', 'Middle East and Northern Africa', 42, 6.218, 6.128, 6.308, 1.44024, 0.94397, 0.65696, 0.47375, 0.25772, 0.17147, 2.27405),
('Trinidad and Tobago', 'Latin America and Caribbean', 43, 6.168, 5.950, 6.386, 1.32572, 0.98569, 0.52608, 0.48453, 0.01241, 0.31935, 2.51394),
('Venezuela', 'Latin America and Caribbean', 44, 6.084, 5.973, 6.195, 1.13367, 1.03302, 0.61904, 0.19847, 0.08304, 0.04250, 2.97468),
('Slovakia', 'Central and Eastern Europe', 45, 6.078, 5.996, 6.160, 1.27973, 1.08268, 0.70367, 0.23391, 0.02947, 0.13837, 2.61065),
('El Salvador', 'Latin America and Caribbean', 46, 6.068, 5.967, 6.169, 0.87370, 0.80975, 0.59600, 0.37269, 0.10613, 0.08877, 3.22134),
('Malaysia', 'Southeastern Asia', 47, 6.005, 5.921, 6.089, 1.25142, 0.88025, 0.62366, 0.39031, 0.09081, 0.41474, 2.35384),
('Nicaragua', 'Latin America and Caribbean', 48, 5.992, 5.877, 6.107, 0.69384, 0.89521, 0.65213, 0.46582, 0.16292, 0.29773, 2.82428),
('Uzbekistan', 'Central and Eastern Europe', 49, 5.987, 5.896, 6.078, 0.73591, 1.16810, 0.50163, 0.60848, 0.28333, 0.34326, 2.34638),
('Italy', 'Western Europe', 50, 5.977, 5.898, 6.056, 1.35495, 1.04167, 0.85102, 0.18827, 0.02556, 0.16684, 2.34918),
('Ecuador', 'Latin America and Caribbean', 51, 5.976, 5.880, 6.072, 0.97306, 0.85974, 0.68613, 0.40270, 0.18037, 0.10074, 2.77366),
('Belize', 'Latin America and Caribbean', 52, 5.956, 5.710, 6.202, 0.87616, 0.68655, 0.45569, 0.51231, 0.10771, 0.23684, 3.08039),
('Japan', 'Eastern Asia', 53, 5.921, 5.850, 5.992, 1.38007, 1.06054, 0.91491, 0.46761, 0.18985, 0.10224, 1.80584),
('Kazakhstan', 'Central and Eastern Europe', 54, 5.919, 5.837, 6.001, 1.22943, 0.95544, 0.57386, 0.40520, 0.11132, 0.15011, 2.49325),
('Moldova', 'Central and Eastern Europe', 55, 5.897, 5.823, 5.971, 0.69177, 0.83132, 0.52309, 0.25202, 0.01903, 0.19997, 3.38007),
('Russia', 'Central and Eastern Europe', 56, 5.856, 5.789, 5.923, 1.23228, 1.05261, 0.58991, 0.32682, 0.03586, 0.02736, 2.59115),
('Poland', 'Central and Eastern Europe', 57, 5.835, 5.749, 5.921, 1.24585, 1.04685, 0.69058, 0.45190, 0.05500, 0.14443, 2.20035),
('South Korea', 'Eastern Asia', 57, 5.835, 5.747, 5.923, 1.35948, 0.72194, 0.88645, 0.25168, 0.07716, 0.18824, 2.35015),
('Bolivia', 'Latin America and Caribbean', 59, 5.822, 5.740, 5.904, 0.79422, 0.83779, 0.46970, 0.50961, 0.07746, 0.21698, 2.91635),
('Lithuania', 'Central and Eastern Europe', 60, 5.813, 5.734, 5.892, 1.26920, 1.06411, 0.64674, 0.18929, 0.01820, 0.02025, 2.60525),
('Belarus', 'Central and Eastern Europe', 61, 5.802, 5.723, 5.881, 1.13062, 1.04993, 0.63104, 0.29091, 0.17457, 0.13942, 2.38582);              
INSERT INTO PUBLIC.HAPPINESS(COUNTRY, REGION, "Happiness Rank", "Happiness Score", "Lower Confidence Interval", "Upper Confidence Interval", "Economy GDP per Capita", FAMILY, "Health Life Expectancy", FREEDOM, "Trust Government Corruption", GENEROSITY, "Dystopia Residual") VALUES
('North Cyprus', 'Western Europe', 62, 5.771, 5.670, 5.872, 1.31141, 0.81826, 0.84142, 0.43596, 0.16578, 0.26322, 1.93447),
('Slovenia', 'Central and Eastern Europe', 63, 5.768, 5.683, 5.853, 1.29947, 1.05613, 0.79151, 0.53164, 0.03635, 0.25738, 1.79522),
('Peru', 'Latin America and Caribbean', 64, 5.743, 5.647, 5.839, 0.99602, 0.81255, 0.62994, 0.37502, 0.05292, 0.14527, 2.73117),
('Turkmenistan', 'Central and Eastern Europe', 65, 5.658, 5.580, 5.736, 1.08017, 1.03817, 0.44006, 0.37408, 0.28467, 0.22567, 2.21489),
('Mauritius', 'Sub-Saharan Africa', 66, 5.648, 5.507, 5.789, 1.14372, 0.75695, 0.66189, 0.46145, 0.05203, 0.36951, 2.20223),
('Libya', 'Middle East and Northern Africa', 67, 5.615, 5.406, 5.824, 1.06688, 0.95076, 0.52304, 0.40672, 0.10339, 0.17087, 2.39374),
('Latvia', 'Central and Eastern Europe', 68, 5.560, 5.486, 5.634, 1.21788, 0.95025, 0.63952, 0.27996, 0.08890, 0.17445, 2.20859),
('Cyprus', 'Western Europe', 69, 5.546, 5.442, 5.650, 1.31857, 0.70697, 0.84880, 0.29507, 0.05228, 0.27906, 2.04497),
('Paraguay', 'Latin America and Caribbean', 70, 5.538, 5.453, 5.623, 0.89373, 1.11111, 0.58295, 0.46235, 0.07396, 0.25296, 2.16091),
('Romania', 'Central and Eastern Europe', 71, 5.528, 5.427, 5.629, 1.16970, 0.72803, 0.67602, 0.36712, 0.00679, 0.12889, 2.45184),
('Estonia', 'Central and Eastern Europe', 72, 5.517, 5.437, 5.597, 1.27964, 1.05163, 0.68098, 0.41511, 0.18519, 0.08423, 1.81985),
('Jamaica', 'Latin America and Caribbean', 73, 5.510, 5.315, 5.705, 0.89333, 0.96372, 0.59469, 0.43597, 0.04294, 0.22245, 2.35682),
('Croatia', 'Central and Eastern Europe', 74, 5.488, 5.402, 5.574, 1.18649, 0.60809, 0.70524, 0.23907, 0.04002, 0.18434, 2.52462),
('Hong Kong', 'Eastern Asia', 75, 5.458, 5.362, 5.554, 1.51070, 0.87021, 0.95277, 0.48079, 0.31647, 0.40097, 0.92614),
('Somalia', 'Sub-Saharan Africa', 76, 5.440, 5.321, 5.559, 0.00000, 0.33613, 0.11466, 0.56778, 0.31180, 0.27225, 3.83772),
('Kosovo', 'Central and Eastern Europe', 77, 5.401, 5.308, 5.494, 0.90145, 0.66062, 0.54000, 0.14396, 0.06547, 0.27992, 2.80998),
('Turkey', 'Middle East and Northern Africa', 78, 5.389, 5.295, 5.483, 1.16492, 0.87717, 0.64718, 0.23889, 0.12348, 0.04707, 2.29074),
('Indonesia', 'Southeastern Asia', 79, 5.314, 5.237, 5.391, 0.95104, 0.87625, 0.49374, 0.39237, 0.00322, 0.56521, 2.03171),
('Jordan', 'Middle East and Northern Africa', 80, 5.303, 5.187, 5.419, 0.99673, 0.86216, 0.60712, 0.36023, 0.13297, 0.14262, 2.20142),
('Azerbaijan', 'Central and Eastern Europe', 81, 5.291, 5.226, 5.356, 1.12373, 0.76042, 0.54504, 0.35327, 0.17914, 0.05640, 2.27350),
('Philippines', 'Southeastern Asia', 82, 5.279, 5.160, 5.398, 0.81217, 0.87877, 0.47036, 0.54854, 0.11757, 0.21674, 2.23484),
('China', 'Eastern Asia', 83, 5.245, 5.199, 5.291, 1.02780, 0.79381, 0.73561, 0.44012, 0.02745, 0.04959, 2.17087),
('Bhutan', 'Southern Asia', 84, 5.196, 5.138, 5.254, 0.85270, 0.90836, 0.49759, 0.46074, 0.16160, 0.48546, 1.82916),
('Kyrgyzstan', 'Central and Eastern Europe', 85, 5.185, 5.103, 5.267, 0.56044, 0.95434, 0.55449, 0.40212, 0.04762, 0.38432, 2.28136),
('Serbia', 'Central and Eastern Europe', 86, 5.177, 5.083, 5.271, 1.03437, 0.81329, 0.64580, 0.15718, 0.04339, 0.20737, 2.27539),
('Bosnia and Herzegovina', 'Central and Eastern Europe', 87, 5.163, 5.063, 5.263, 0.93383, 0.64367, 0.70766, 0.09511, 0.00000, 0.29889, 2.48406),
('Montenegro', 'Central and Eastern Europe', 88, 5.161, 5.055, 5.267, 1.07838, 0.74173, 0.63533, 0.15111, 0.12721, 0.17191, 2.25531),
('Dominican Republic', 'Latin America and Caribbean', 89, 5.155, 5.037, 5.273, 1.02787, 0.99496, 0.57669, 0.52259, 0.12372, 0.21286, 1.69626),
('Morocco', 'Middle East and Northern Africa', 90, 5.151, 5.058, 5.244, 0.84058, 0.38595, 0.59471, 0.25646, 0.08404, 0.04053, 2.94891),
('Hungary', 'Central and Eastern Europe', 91, 5.145, 5.056, 5.234, 1.24142, 0.93164, 0.67608, 0.19770, 0.04472, 0.09900, 1.95473);             
INSERT INTO PUBLIC.HAPPINESS(COUNTRY, REGION, "Happiness Rank", "Happiness Score", "Lower Confidence Interval", "Upper Confidence Interval", "Economy GDP per Capita", FAMILY, "Health Life Expectancy", FREEDOM, "Trust Government Corruption", GENEROSITY, "Dystopia Residual") VALUES
('Pakistan', 'Southern Asia', 92, 5.132, 5.038, 5.226, 0.68816, 0.26135, 0.40306, 0.14622, 0.13880, 0.31185, 3.18286),
('Lebanon', 'Middle East and Northern Africa', 93, 5.129, 5.031, 5.227, 1.12268, 0.64184, 0.76171, 0.26228, 0.03061, 0.23693, 2.07339),
('Portugal', 'Western Europe', 94, 5.123, 5.030, 5.216, 1.27607, 0.94367, 0.79363, 0.44727, 0.01521, 0.11691, 1.53015),
('Macedonia', 'Central and Eastern Europe', 95, 5.121, 5.017, 5.225, 1.01930, 0.78236, 0.64738, 0.27668, 0.07047, 0.23507, 2.08947),
('Vietnam', 'Southeastern Asia', 96, 5.061, 4.991, 5.131, 0.74037, 0.79117, 0.66157, 0.55954, 0.11556, 0.25075, 1.94180),
('Somaliland Region', 'Sub-Saharan Africa', 97, 5.057, 4.934, 5.180, 0.25558, 0.75862, 0.33108, 0.39130, 0.36794, 0.51479, 2.43801),
('Tunisia', 'Middle East and Northern Africa', 98, 5.045, 4.965, 5.125, 0.97724, 0.43165, 0.59577, 0.23553, 0.08170, 0.03936, 2.68413),
('Greece', 'Western Europe', 99, 5.033, 4.935, 5.131, 1.24886, 0.75473, 0.80029, 0.05822, 0.04127, 0.00000, 2.12944),
('Tajikistan', 'Central and Eastern Europe', 100, 4.996, 4.923, 5.069, 0.48835, 0.75602, 0.53119, 0.43408, 0.13509, 0.25998, 2.39106),
('Mongolia', 'Eastern Asia', 101, 4.907, 4.838, 4.976, 0.98853, 1.08983, 0.55469, 0.35972, 0.03285, 0.34539, 1.53586),
('Laos', 'Southeastern Asia', 102, 4.876, 4.742, 5.010, 0.68042, 0.54970, 0.38291, 0.52168, 0.22423, 0.43079, 2.08637),
('Nigeria', 'Sub-Saharan Africa', 103, 4.875, 4.750, 5.000, 0.75216, 0.64498, 0.05108, 0.27854, 0.03050, 0.23219, 2.88586),
('Honduras', 'Latin America and Caribbean', 104, 4.871, 4.750, 4.992, 0.69429, 0.75596, 0.58383, 0.26755, 0.06906, 0.20440, 2.29551),
('Iran', 'Middle East and Northern Africa', 105, 4.813, 4.703, 4.923, 1.11758, 0.38857, 0.64232, 0.22544, 0.05570, 0.38538, 1.99817),
('Zambia', 'Sub-Saharan Africa', 106, 4.795, 4.645, 4.945, 0.61202, 0.63760, 0.23573, 0.42662, 0.11479, 0.17866, 2.58991),
('Nepal', 'Southern Asia', 107, 4.793, 4.698, 4.888, 0.44626, 0.69699, 0.50073, 0.37012, 0.07008, 0.38160, 2.32694),
('Palestinian Territories', 'Middle East and Northern Africa', 108, 4.754, 4.649, 4.859, 0.67024, 0.71629, 0.56844, 0.17744, 0.10613, 0.11154, 2.40364),
('Albania', 'Central and Eastern Europe', 109, 4.655, 4.546, 4.764, 0.95530, 0.50163, 0.73007, 0.31866, 0.05301, 0.16840, 1.92816),
('Bangladesh', 'Southern Asia', 110, 4.643, 4.560, 4.726, 0.54177, 0.24749, 0.52989, 0.39778, 0.12583, 0.19132, 2.60904),
('Sierra Leone', 'Sub-Saharan Africa', 111, 4.635, 4.505, 4.765, 0.36485, 0.62800, 0.00000, 0.30685, 0.08196, 0.23897, 3.01402),
('Iraq', 'Middle East and Northern Africa', 112, 4.575, 4.446, 4.704, 1.07474, 0.59205, 0.51076, 0.24856, 0.13636, 0.19589, 1.81657),
('Namibia', 'Sub-Saharan Africa', 113, 4.574, 4.374, 4.774, 0.93287, 0.70362, 0.34745, 0.48614, 0.10398, 0.07795, 1.92198),
('Cameroon', 'Sub-Saharan Africa', 114, 4.513, 4.417, 4.609, 0.52497, 0.62542, 0.12698, 0.42736, 0.06126, 0.22680, 2.51980),
('Ethiopia', 'Sub-Saharan Africa', 115, 4.508, 4.425, 4.591, 0.29283, 0.37932, 0.34578, 0.36703, 0.17170, 0.29522, 2.65614),
('South Africa', 'Sub-Saharan Africa', 116, 4.459, 4.371, 4.547, 1.02416, 0.96053, 0.18611, 0.42483, 0.08415, 0.13656, 1.64227),
('Sri Lanka', 'Southern Asia', 117, 4.415, 4.322, 4.508, 0.97318, 0.84783, 0.62007, 0.50817, 0.07964, 0.46978, 0.91681),
('India', 'Southern Asia', 118, 4.404, 4.351, 4.457, 0.74036, 0.29247, 0.45091, 0.40285, 0.08722, 0.25028, 2.18032),
('Myanmar', 'Southeastern Asia', 119, 4.395, 4.327, 4.463, 0.34112, 0.69981, 0.39880, 0.42692, 0.20243, 0.81971, 1.50655),
('Egypt', 'Middle East and Northern Africa', 120, 4.362, 4.259, 4.465, 0.95395, 0.49813, 0.52116, 0.18847, 0.10393, 0.12706, 1.96895),
('Armenia', 'Central and Eastern Europe', 121, 4.360, 4.266, 4.454, 0.86086, 0.62477, 0.64083, 0.14037, 0.03616, 0.07793, 1.97864);       
INSERT INTO PUBLIC.HAPPINESS(COUNTRY, REGION, "Happiness Rank", "Happiness Score", "Lower Confidence Interval", "Upper Confidence Interval", "Economy GDP per Capita", FAMILY, "Health Life Expectancy", FREEDOM, "Trust Government Corruption", GENEROSITY, "Dystopia Residual") VALUES
('Kenya', 'Sub-Saharan Africa', 122, 4.356, 4.259, 4.453, 0.52267, 0.76240, 0.30147, 0.40576, 0.06686, 0.41328, 1.88326),
('Ukraine', 'Central and Eastern Europe', 123, 4.324, 4.236, 4.412, 0.87287, 1.01413, 0.58628, 0.12859, 0.01829, 0.20363, 1.50066),
('Ghana', 'Sub-Saharan Africa', 124, 4.276, 4.185, 4.367, 0.63107, 0.49353, 0.29681, 0.40973, 0.03260, 0.21203, 2.20020),
('Congo (Kinshasa)', 'Sub-Saharan Africa', 125, 4.272, 4.191, 4.353, 0.05661, 0.80676, 0.18800, 0.15602, 0.06075, 0.25458, 2.74924),
('Georgia', 'Central and Eastern Europe', 126, 4.252, 4.164, 4.340, 0.83792, 0.19249, 0.64035, 0.32461, 0.31880, 0.06786, 1.87031),
('Congo (Brazzaville)', 'Sub-Saharan Africa', 127, 4.236, 4.107, 4.365, 0.77109, 0.47799, 0.28212, 0.37938, 0.09753, 0.12077, 2.10681),
('Senegal', 'Sub-Saharan Africa', 128, 4.219, 4.151, 4.287, 0.44314, 0.77416, 0.40457, 0.31056, 0.11681, 0.19103, 1.97861),
('Bulgaria', 'Central and Eastern Europe', 129, 4.217, 4.104, 4.330, 1.11306, 0.92542, 0.67806, 0.21219, 0.00615, 0.12793, 1.15377),
('Mauritania', 'Sub-Saharan Africa', 130, 4.201, 4.127, 4.275, 0.61391, 0.84142, 0.28639, 0.12680, 0.17955, 0.22686, 1.92630),
('Zimbabwe', 'Sub-Saharan Africa', 131, 4.193, 4.101, 4.285, 0.35041, 0.71478, 0.15950, 0.25429, 0.08582, 0.18503, 2.44270),
('Malawi', 'Sub-Saharan Africa', 132, 4.156, 4.041, 4.271, 0.08709, 0.14700, 0.29364, 0.41430, 0.07564, 0.30968, 2.82859),
('Sudan', 'Sub-Saharan Africa', 133, 4.139, 3.928, 4.350, 0.63069, 0.81928, 0.29759, 0.00000, 0.10039, 0.18077, 2.10995),
('Gabon', 'Sub-Saharan Africa', 134, 4.121, 4.030, 4.212, 1.15851, 0.72368, 0.34940, 0.28098, 0.09314, 0.06244, 1.45332),
('Mali', 'Sub-Saharan Africa', 135, 4.073, 3.988, 4.158, 0.31292, 0.86333, 0.16347, 0.27544, 0.13647, 0.21064, 2.11087),
('Haiti', 'Latin America and Caribbean', 136, 4.028, 3.893, 4.163, 0.34097, 0.29561, 0.27494, 0.12072, 0.14476, 0.47958, 2.37116),
('Botswana', 'Sub-Saharan Africa', 137, 3.974, 3.875, 4.073, 1.09426, 0.89186, 0.34752, 0.44089, 0.10769, 0.12425, 0.96741),
('Comoros', 'Sub-Saharan Africa', 138, 3.956, 3.860, 4.052, 0.27509, 0.60323, 0.29981, 0.15412, 0.18437, 0.18270, 2.25632),
('Ivory Coast', 'Sub-Saharan Africa', 139, 3.916, 3.826, 4.006, 0.55507, 0.57576, 0.04476, 0.40663, 0.15530, 0.20338, 1.97478),
('Cambodia', 'Southeastern Asia', 140, 3.907, 3.798, 4.016, 0.55604, 0.53750, 0.42494, 0.58852, 0.08092, 0.40339, 1.31573),
('Angola', 'Sub-Saharan Africa', 141, 3.866, 3.753, 3.979, 0.84731, 0.66366, 0.04991, 0.00589, 0.08434, 0.12071, 2.09459),
('Niger', 'Sub-Saharan Africa', 142, 3.856, 3.781, 3.931, 0.13270, 0.60530, 0.26162, 0.38041, 0.17176, 0.20970, 2.09469),
('South Sudan', 'Sub-Saharan Africa', 143, 3.832, 3.596, 4.068, 0.39394, 0.18519, 0.15781, 0.19662, 0.13015, 0.25899, 2.50929),
('Chad', 'Sub-Saharan Africa', 144, 3.763, 3.672, 3.854, 0.42214, 0.63178, 0.03824, 0.12807, 0.04952, 0.18667, 2.30637),
('Burkina Faso', 'Sub-Saharan Africa', 145, 3.739, 3.647, 3.831, 0.31995, 0.63054, 0.21297, 0.33370, 0.12533, 0.24353, 1.87319),
('Uganda', 'Sub-Saharan Africa', 145, 3.739, 3.629, 3.849, 0.34719, 0.90981, 0.19625, 0.43653, 0.06442, 0.27102, 1.51416),
('Yemen', 'Middle East and Northern Africa', 147, 3.724, 3.621, 3.827, 0.57939, 0.47493, 0.31048, 0.22870, 0.05892, 0.09821, 1.97295),
('Madagascar', 'Sub-Saharan Africa', 148, 3.695, 3.621, 3.769, 0.27954, 0.46115, 0.37109, 0.13684, 0.07506, 0.22040, 2.15075),
('Tanzania', 'Sub-Saharan Africa', 149, 3.666, 3.561, 3.771, 0.47155, 0.77623, 0.35700, 0.31760, 0.05099, 0.31472, 1.37769),
('Liberia', 'Sub-Saharan Africa', 150, 3.622, 3.463, 3.781, 0.10706, 0.50353, 0.23165, 0.25748, 0.04852, 0.24063, 2.23284),
('Guinea', 'Sub-Saharan Africa', 151, 3.607, 3.533, 3.681, 0.22415, 0.31090, 0.18829, 0.30953, 0.11920, 0.29914, 2.15604),
('Rwanda', 'Sub-Saharan Africa', 152, 3.515, 3.444, 3.586, 0.32846, 0.61586, 0.31865, 0.54320, 0.50521, 0.23552, 0.96819);  
INSERT INTO PUBLIC.HAPPINESS(COUNTRY, REGION, "Happiness Rank", "Happiness Score", "Lower Confidence Interval", "Upper Confidence Interval", "Economy GDP per Capita", FAMILY, "Health Life Expectancy", FREEDOM, "Trust Government Corruption", GENEROSITY, "Dystopia Residual") VALUES
('Benin', 'Sub-Saharan Africa', 153, 3.484, 3.404, 3.564, 0.39499, 0.10419, 0.21028, 0.39747, 0.06681, 0.20180, 2.10812),
('Afghanistan', 'Southern Asia', 154, 3.360, 3.288, 3.432, 0.38227, 0.11037, 0.17344, 0.16430, 0.07112, 0.31268, 2.14558),
('Togo', 'Sub-Saharan Africa', 155, 3.303, 3.192, 3.414, 0.28123, 0.00000, 0.24811, 0.34678, 0.11587, 0.17517, 2.13540),
('Syria', 'Middle East and Northern Africa', 156, 3.069, 2.936, 3.202, 0.74719, 0.14866, 0.62994, 0.06912, 0.17233, 0.48397, 0.81789),
('Burundi', 'Sub-Saharan Africa', 157, 2.905, 2.732, 3.078, 0.06831, 0.23442, 0.15747, 0.04320, 0.09419, 0.20290, 2.10404);      
CREATE CACHED TABLE PUBLIC.LIFEEXPECTANCY(
    COUNTRY VARCHAR(52) NOT NULL,
    "Life expectancy" NUMERIC(4, 1) NOT NULL
);   
ALTER TABLE PUBLIC.LIFEEXPECTANCY ADD CONSTRAINT PUBLIC.CONSTRAINT_4 PRIMARY KEY(COUNTRY);     
-- 183 +/- SELECT COUNT(*) FROM PUBLIC.LIFEEXPECTANCY;         
INSERT INTO PUBLIC.LIFEEXPECTANCY(COUNTRY, "Life expectancy") VALUES
('Afghanistan', 65.0),
('Albania', 77.8),
('Algeria', 75.6),
('Angola', 52.4),
('Antigua and Barbuda', 76.4),
('Argentina', 76.3),
('Armenia', 74.8),
('Australia', 82.8),
('Austria', 81.5),
('Azerbaijan', 72.7),
('Bahamas', 76.1),
('Bahrain', 76.9),
('Bangladesh', 71.8),
('Barbados', 75.5),
('Belarus', 72.3),
('Belgium', 81.1),
('Belize', 71.0),
('Benin', 60.0),
('Bhutan', 69.8),
('Bolivia (Plurinational State of)', 77.0),
('Bosnia and Herzegovina', 77.4),
('Botswana', 65.7),
('Brazil', 75.0),
('Brunei Darussalam', 77.7),
('Bulgaria', 74.5),
('Burkina Faso', 59.9),
('Burundi', 59.6),
(STRINGDECODE('C\u00f4te d''Ivoire'), 53.3),
('Cabo Verde', 73.3),
('Cambodia', 68.7),
('Cameroon', 57.3),
('Canada', 82.2),
('Central African Republic', 52.5),
('Chad', 53.1),
('Chile', 85.0),
('China', 76.1),
('Colombia', 74.8),
('Comoros', 63.5),
('Congo', 64.7),
('Costa Rica', 79.6),
('Croatia', 78.0),
('Cuba', 79.1),
('Cyprus', 85.0),
('Czechia', 78.8),
('Democratic People''s Republic of Korea', 76.0),
('Democratic Republic of the Congo', 59.8),
('Denmark', 86.0),
('Djibouti', 63.5),
('Dominican Republic', 73.9),
('Ecuador', 76.2),
('Egypt', 79.0),
('El Salvador', 73.5),
('Equatorial Guinea', 58.2),
('Eritrea', 64.7),
('Estonia', 77.6),
('Ethiopia', 64.8),
('Fiji', 69.9),
('Finland', 81.1),
('France', 82.4),
('Gabon', 66.0),
('Gambia', 61.1),
('Georgia', 74.4),
('Germany', 81.0),
('Ghana', 62.4),
('Greece', 81.0),
('Grenada', 73.6),
('Guatemala', 71.9),
('Guinea', 59.0),
('Guinea-Bissau', 58.9),
('Guyana', 66.2),
('Haiti', 63.5),
('Honduras', 74.6),
('Hungary', 75.8),
('Iceland', 82.7),
('India', 68.3),
('Indonesia', 69.1),
('Iran (Islamic Republic of)', 75.5),
('Iraq', 68.9),
('Ireland', 81.4),
('Israel', 82.5),
('Italy', 82.7),
('Jamaica', 76.2),
('Japan', 83.7),
('Jordan', 74.1),
('Kazakhstan', 72.0),
('Kenya', 63.4),
('Kiribati', 66.3),
('Kuwait', 74.7),
('Kyrgyzstan', 71.1),
('Lao People''s Democratic Republic', 65.7),
('Latvia', 74.6),
('Lebanon', 74.9),
('Lesotho', 53.7),
('Liberia', 61.4),
('Libya', 72.7),
('Lithuania', 73.6),
('Luxembourg', 82.0),
('Madagascar', 65.5),
('Malawi', 58.3),
('Malaysia', 75.0),
('Maldives', 78.5),
('Mali', 58.2),
('Malta', 81.7),
('Mauritania', 63.1),
('Mauritius', 74.6),
('Mexico', 76.7),
('Micronesia (Federated States of)', 69.4),
('Mongolia', 68.8),
('Montenegro', 76.1),
('Morocco', 74.3),
('Mozambique', 57.6),
('Myanmar', 66.6),
('Namibia', 65.8),
('Nepal', 69.2),
('Netherlands', 81.9),
('New Zealand', 81.6),
('Nicaragua', 74.8),
('Niger', 61.8),
('Nigeria', 54.5),
('Norway', 81.8),
('Oman', 76.6),
('Pakistan', 66.4),
('Panama', 77.8),
('Papua New Guinea', 62.9),
('Paraguay', 74.0),
('Peru', 75.5),
('Philippines', 68.5),
('Poland', 77.5),
('Portugal', 81.1),
('Qatar', 78.2),
('Republic of Korea', 82.3),
('Republic of Moldova', 72.1),
('Romania', 75.0),
('Russian Federation', 75.0),
('Rwanda', 66.1),
('Saint Lucia', 75.2),
('Saint Vincent and the Grenadines', 73.2),
('Samoa', 74.0),
('Sao Tome and Principe', 67.5),
('Saudi Arabia', 74.5),
('Senegal', 66.7),
('Serbia', 75.6),
('Seychelles', 73.2),
('Sierra Leone', 51.0),
('Singapore', 83.1),
('Slovakia', 76.7),
('Slovenia', 88.0),
('Solomon Islands', 69.2),
('Somalia', 55.0),
('South Africa', 62.9),
('South Sudan', 57.3),
('Spain', 82.8),
('Sri Lanka', 74.9),
('Sudan', 64.1),
('Suriname', 71.6),
('Swaziland', 58.9),
('Sweden', 82.4),
('Switzerland', 83.4),
('Syrian Arab Republic', 64.5),
('Tajikistan', 69.7),
('Thailand', 74.9),
('The former Yugoslav republic of Macedonia', 75.7),
('Timor-Leste', 68.3),
('Togo', 59.9),
('Tonga', 73.5),
('Trinidad and Tobago', 71.2),
('Tunisia', 75.3),
('Turkey', 75.8),
('Turkmenistan', 66.3),
('Uganda', 62.3),
('Ukraine', 71.3),
('United Arab Emirates', 77.1),
('United Kingdom of Great Britain and Northern Ireland', 81.2),
('United Republic of Tanzania', 61.8),
('United States of America', 79.3),
('Uruguay', 77.0),
('Uzbekistan', 69.4),
('Vanuatu', 72.0),
('Venezuela (Bolivarian Republic of)', 74.1),
('Viet Nam', 76.0),
('Yemen', 65.7),
('Zambia', 61.8);       
INSERT INTO PUBLIC.LIFEEXPECTANCY(COUNTRY, "Life expectancy") VALUES
('Zimbabwe', 67.0);       
CREATE CACHED TABLE PUBLIC.OBESITY(
    COUNTRY VARCHAR(52) NOT NULL,
    BOTHSEXES NUMERIC(4, 1) NOT NULL,
    MALE NUMERIC(4, 1) NOT NULL,
    FEMALE NUMERIC(4, 1) NOT NULL
);              
ALTER TABLE PUBLIC.OBESITY ADD CONSTRAINT PUBLIC.CONSTRAINT_C PRIMARY KEY(COUNTRY);            
-- 191 +/- SELECT COUNT(*) FROM PUBLIC.OBESITY;
INSERT INTO PUBLIC.OBESITY(COUNTRY, BOTHSEXES, MALE, FEMALE) VALUES
('Afghanistan', 4.5, 2.7, 6.2),
('Albania', 22.3, 21.9, 22.8),
('Algeria', 26.6, 19.4, 34.0),
('Andorra', 28.0, 27.9, 28.1),
('Angola', 6.8, 3.5, 10.0),
('Antigua and Barbuda', 19.1, 11.7, 26.3),
('Argentina', 28.5, 27.4, 29.6),
('Armenia', 20.9, 17.2, 24.5),
('Australia', 30.4, 30.7, 30.1),
('Austria', 21.9, 23.4, 20.6),
('Azerbaijan', 19.9, 15.7, 23.9),
('Bahamas', 32.1, 24.8, 39.0),
('Bahrain', 28.7, 24.9, 36.1),
('Bangladesh', 3.4, 2.2, 4.6),
('Barbados', 24.8, 15.6, 33.8),
('Belarus', 26.6, 23.5, 29.1),
('Belgium', 24.5, 25.1, 23.9),
('Belize', 22.4, 15.4, 29.4),
('Benin', 8.2, 4.2, 12.2),
('Bhutan', 5.8, 4.5, 7.4),
('Bolivia (Plurinational State of)', 18.7, 13.4, 23.9),
('Bosnia and Herzegovina', 19.4, 18.1, 20.6),
('Botswana', 16.1, 7.0, 25.5),
('Brazil', 22.3, 18.5, 25.9),
('Brunei Darussalam', 14.7, 13.0, 16.4),
('Bulgaria', 27.4, 27.5, 27.4),
('Burkina Faso', 4.5, 2.2, 6.8),
('Burundi', 4.4, 1.8, 7.0),
('Cabo Verde', 10.6, 6.3, 14.9),
('Cambodia', 3.5, 2.5, 4.5),
('Cameroon', 9.5, 5.2, 13.9),
('Canada', 31.3, 31.2, 31.5),
('Central African Republic', 6.3, 3.2, 9.3),
('Chad', 4.8, 2.6, 7.0),
('Chile', 28.8, 25.5, 32.1),
('China', 6.6, 6.2, 7.1),
('Colombia', 22.1, 17.3, 26.7),
('Comoros', 6.9, 3.0, 10.8),
('Congo', 8.4, 4.9, 11.8),
('Cook Islands', 55.3, 52.0, 58.6),
('Costa Rica', 25.7, 21.0, 30.4),
(STRINGDECODE('C\u00f4te d''Ivoire'), 9.0, 5.2, 13.1),
('Croatia', 27.1, 26.0, 28.2),
('Cuba', 26.7, 20.4, 33.0),
('Cyprus', 22.6, 22.4, 22.8),
('Czechia', 28.5, 28.5, 28.6),
('Democratic People''s Republic of Korea', 7.1, 6.4, 7.8),
('Democratic Republic of the Congo', 5.6, 3.1, 8.0),
('Denmark', 21.3, 23.7, 18.9),
('Djibouti', 12.2, 7.9, 16.5),
('Dominica', 28.2, 20.0, 36.0),
('Dominican Republic', 26.9, 20.4, 33.2),
('Ecuador', 19.3, 14.4, 24.1),
('Egypt', 31.1, 22.0, 40.0),
('El Salvador', 22.7, 17.1, 27.4),
('Equatorial Guinea', 7.4, 3.6, 11.4),
('Eritrea', 4.1, 1.8, 6.3),
('Estonia', 23.8, 21.9, 25.3),
('Eswatini', 13.5, 4.4, 22.2),
('Ethiopia', 3.6, 1.6, 5.6),
('Fiji', 30.0, 24.9, 35.3),
('Finland', 24.9, 25.7, 24.2),
('France', 23.2, 23.5, 23.0),
('Gabon', 13.4, 8.6, 18.2),
('Gambia', 8.7, 4.8, 12.4),
('Georgia', 23.3, 20.0, 26.0),
('Germany', 25.7, 26.6, 24.9),
('Ghana', 9.7, 4.1, 15.0),
('Greece', 27.4, 26.0, 28.7),
('Grenada', 20.2, 12.6, 27.6),
('Guatemala', 18.8, 13.1, 23.8),
('Guinea', 6.6, 3.3, 9.9),
('Guinea-Bissau', 8.2, 4.5, 11.8),
('Guyana', 19.2, 12.2, 26.1),
('Haiti', 20.5, 16.4, 24.3),
('Honduras', 19.4, 14.1, 24.5),
('Hungary', 28.6, 29.9, 27.5),
('Iceland', 23.1, 25.3, 20.9),
('India', 3.8, 2.7, 4.9),
('Indonesia', 6.9, 4.9, 9.0),
('Iran (Islamic Republic of)', 25.5, 19.1, 31.8),
('Iraq', 27.4, 21.0, 33.8),
('Ireland', 26.9, 26.5, 27.3),
('Israel', 26.7, 26.1, 27.2),
('Italy', 22.9, 22.5, 23.3),
('Jamaica', 24.4, 15.0, 33.2),
('Japan', 4.4, 4.6, 4.1),
('Jordan', 33.4, 26.6, 40.4),
('Kazakhstan', 21.3, 18.8, 23.4),
('Kenya', 6.0, 2.5, 9.4),
('Kiribati', 45.6, 41.2, 50.0),
('Kuwait', 37.0, 33.0, 43.9),
('Kyrgyzstan', 15.4, 13.1, 17.5),
('Lao People''s Democratic Republic', 4.5, 3.2, 5.7),
('Latvia', 25.7, 22.9, 28.0),
('Lebanon', 31.3, 27.4, 35.3),
('Lesotho', 13.5, 3.7, 22.8),
('Liberia', 8.6, 4.9, 12.3),
('Libya', 31.8, 24.5, 38.7),
('Lithuania', 28.4, 25.3, 30.9),
('Luxembourg', 24.2, 26.0, 22.4),
('Madagascar', 4.5, 2.6, 6.3),
('Malawi', 4.7, 1.9, 7.5),
('Malaysia', 15.3, 12.9, 17.6),
('Maldives', 7.9, 5.4, 10.3),
('Mali', 7.1, 3.9, 10.4),
('Malta', 31.0, 30.9, 31.2),
('Marshall Islands', 52.4, 47.9, 56.9),
('Mauritania', 11.3, 6.0, 16.6),
('Mauritius', 11.5, 5.9, 16.8),
('Mexico', 28.4, 23.7, 32.6),
('Micronesia (Federated States of)', 41.6, 36.1, 47.3),
('Mongolia', 19.6, 16.7, 22.4),
('Montenegro', 24.9, 24.5, 25.2),
('Morocco', 25.6, 19.0, 31.9),
('Mozambique', 6.0, 2.8, 8.9),
('Myanmar', 5.7, 4.0, 7.3),
('Namibia', 15.0, 6.5, 22.7),
('Nauru', 60.7, 58.5, 63.0),
('Nepal', 3.8, 2.5, 4.8),
('Netherlands', 23.1, 22.7, 23.4),
('New Zealand', 32.0, 31.0, 32.9),
('Nicaragua', 21.8, 16.5, 26.8),
('Niger', 4.7, 2.3, 7.2),
('Nigeria', 7.8, 4.1, 11.5);        
INSERT INTO PUBLIC.OBESITY(COUNTRY, BOTHSEXES, MALE, FEMALE) VALUES
('Niue', 49.3, 44.2, 54.5),
('Norway', 25.0, 25.1, 24.8),
('Oman', 22.9, 19.5, 30.8),
('Pakistan', 7.8, 5.5, 10.1),
('Palau', 54.9, 51.3, 58.4),
('Panama', 22.5, 17.6, 27.5),
('Papua New Guinea', 19.4, 15.2, 23.7),
('Paraguay', 19.0, 16.1, 21.9),
('Peru', 19.1, 14.7, 23.5),
('Philippines', 6.0, 5.0, 7.0),
('Poland', 25.6, 25.4, 25.7),
('Portugal', 23.2, 22.1, 24.2),
('Qatar', 33.9, 31.9, 41.8),
('Republic of Korea', 4.9, 4.6, 5.3),
('Republic of Moldova', 20.1, 16.9, 23.0),
('Romania', 24.5, 24.9, 24.2),
('Russian Federation', 25.7, 19.4, 30.8),
('Rwanda', 4.8, 1.6, 7.7),
('Saint Kitts and Nevis', 23.1, 15.4, 30.5),
('Saint Lucia', 19.8, 12.0, 27.2),
('Saint Vincent and the Grenadines', 23.8, 16.7, 31.0),
('Samoa', 45.5, 38.2, 53.2),
('Sao Tome and Principe', 10.6, 6.3, 14.8),
('Saudi Arabia', 35.0, 31.0, 41.2),
('Senegal', 7.4, 3.3, 11.0),
('Serbia', 23.5, 22.5, 24.5),
('Seychelles', 14.6, 8.1, 21.4),
('Sierra Leone', 7.5, 3.4, 11.6),
('Singapore', 6.6, 6.2, 7.0),
('Slovakia', 22.4, 22.5, 22.3),
('Slovenia', 22.5, 21.4, 23.6),
('Solomon Islands', 20.5, 16.3, 24.7),
('Somalia', 6.9, 3.4, 10.3),
('South Africa', 27.0, 14.5, 38.5),
('Spain', 27.1, 27.1, 27.2),
('Sri Lanka', 5.4, 3.0, 7.7),
('Sudan (former)', 7.4, 3.4, 10.7),
('Suriname', 26.5, 19.0, 33.9),
('Sweden', 22.1, 24.2, 20.0),
('Switzerland', 21.2, 23.7, 18.8),
('Syrian Arab Republic', 25.8, 19.3, 32.4),
('Tajikistan', 12.6, 10.4, 14.6),
('Thailand', 10.8, 7.5, 13.8),
('Republic of North Macedonia', 23.9, 23.8, 23.9),
('Timor-Leste', 2.9, 2.1, 3.8),
('Togo', 7.1, 3.4, 10.7),
('Tonga', 45.9, 39.0, 52.6),
('Trinidad and Tobago', 19.7, 11.4, 27.7),
('Tunisia', 27.3, 19.3, 34.9),
('Turkey', 32.2, 24.2, 39.7),
('Turkmenistan', 17.5, 15.0, 19.9),
('Tuvalu', 51.0, 46.4, 55.6),
('Uganda', 4.1, 1.5, 6.8),
('Ukraine', 26.1, 23.2, 28.4),
('United Arab Emirates', 29.9, 26.7, 38.8),
('United Kingdom of Great Britain and Northern Ireland', 29.5, 28.6, 30.4),
('United Republic of Tanzania', 7.1, 3.4, 10.7),
('United States of America', 37.3, 36.5, 38.2),
('Uruguay', 28.9, 25.3, 32.1),
('Uzbekistan', 15.3, 12.9, 17.7),
('Vanuatu', 23.5, 18.8, 28.1),
('Venezuela (Bolivarian Republic of)', 25.2, 22.1, 28.3),
('Viet Nam', 2.1, 1.6, 2.6),
('Yemen', 14.1, 9.9, 18.2),
('Zambia', 6.5, 3.0, 10.0),
('Zimbabwe', 12.3, 3.7, 20.5);              
